text,label
Thermodynamic systems oscillate according to spacetime curvature.,Education → Physics
Cloud architects train convolutional layers on low-latency socket connections.,Technology → Computer Science
Chemical compounds precipitate during polymerization chains.,Education → Chemistry
Polynomial equations prove convergence of complex number planes.,Education → Mathematics
Web browsers render interactive DOM nodes with responsive dashboard layouts.,Technology → Web Development
Oncologists monitor patient vitals during cardiovascular health interventions.,Health → Medicine
Cellular respiration in mitochondria breaks down glucose to synthesize ATP molecules.,Education → Biology
Molecules dissolve to form aqueous solutions.,Education → Chemistry
Web browsers cache static assets in serverless API endpoints.,Technology → Web Development
Venture capitalists valuate fiscal balance sheets for sovvereign debbt securities.,Business → Finance
Physicists oscillate according to magnetic resonance.,Education → Physics
Genetic mutations introduce variation within the population gene pool over time.,Education → Biology
Frontend developers cache static assets in responsive dashboard layouts.,Business → Finance
REST APIs communicate client HTTP requests and server responses using formatted JSON payloads.,Technology → Web Development
Pharmacologists treat autoimmune conditions with cardiovascular health interventions.,Health → Medicine
Growth strategists launch targeted ad campaigns on automated email nurturing workflows.,Business → Marketing
Brand managers analyze viral engagement of customer retention strategies.,Business → Marketing
Chemists form ionic bonds with molar concentrations.,Education → Chemistry
Microorganisms adapt to genetic inheritance.,Education → Biology
Web browsers render interactive DOM nodes with websocket event streams.,Technology → Web Development
Clinical researchers treat autoimmune conditions with novel pharmaceutical compounds.,Health → Medicine
Marketing directors analyze viral engagement of organic search rankings.,Business → Marketing
Medical specialists treat autoimmune conditions with immunotherapy regimens.,Health → Medicine
Physicists radiate energy during magnetic resonance.,Education → Physics
Brand managers optimize conversion rates for omnichannel advertising funnels.,Business → Marketing
Matrix transformations prove convergence of multivariable systems.,Education → Mathematics
Deep learning algorithms optimize memory cache lines for RESTful microservices.,Technology → Computer Science
UI components bundle modular components using serverless API endpoints.,Technology → Web Development
Statistical models evaluate the integral over complex number planes.,Education → Mathematics
Polynomial equations evaluate the integral over multivariable systems.,Education → Mathematics
Single page applications validate form states on serverless API endpoints.,Technology → Web Development
Electromagnetic waves conserve momentum in quantum states.,Education → Physics
Polynomial equations prove convergence of infinite series.,Education → Mathematics
Single page applications cache static assets in serverless API endpoints.,Technology → Web Development
Web servers validate form states on client-side router hooks.,Technology → Web Development
Valence electrons dissolve to form electrochemical cells.,Education → Chemistry
Revolutionary movements expanded territory throughout feudal agrarian societies.,Education → History
Chemists dissolve to form aqueous solutions.,Education → Chemistry
UI components validate form states on serverless API endpoints.,Technology → Web Development
Thermodynamic systems propagate through spacetime curvature.,Education → Physics
Thermodynamic systems exert force on quantum states.,Education → Physics
Web servers render interactive DOM nodes with client-side router hooks.,Education → Mathematics
The fall of the Roman Empire in the 5th century marked the transition into the European Middle Ages.,Education → History
Marketing directors build brand equity through customer retention strategies.,Business → Marketing
Venture capitalists allocate caiptal across soovereign debt securities.,Business → Finance
Suatomic particles oscillate according to quantm states.,Education → Physics
Chemical compounds undergo oxidation in molar concentrations.,Education → Chemistry
"Endothermic reactions absorb thermal energy from their surroundings, decreasing ambient temperature.",Education → Chemistry
Electromagnetic waves oscillate according to quantum states.,Education → Physics
Polynomial equations calculate eigenvectors for orthogonal vector bases.,Education → Mathematics
"Euclidean geometry proves geometric properties of polygons, circles, and trigonometric angles.",Education → Mathematics
Single page applications fetch asynchronous JSON data from websocket event streams.,Technology → Web Development
UI components fetch asynchronous JSON data from websocket event streams.,Technology → Web Development
Digital marketers segment customer cohorts by automated email nurturing workflows.,Business → Marketing
Microorganisms adapt t ecological succession.,Education → Biology
Organisms synthesize genetic inheritance.,Education → Biology
Brand managers build brand equity through automated email nurturing workflows.,Business → Marketing
Ecologists express genes for biological homeostasis.,Education → Biology
Molecules catalyze synthesis of molar concentrations.,Education → Chemistry
Ecologists express genes for genetic inheritance.,Education → Biology
Deep learning algorithms optimize memory cache lines for high-performance GPU clusters.,Technology → Computer Science
Frontend developers validate form states on responsive dashboard layouts.,Technology → Web Development
Oncoolgists administer clinical trials for immunootherapy regimens.,Health → Medicine
Financial institutions calculate dividend yields on liquid mutual funds.,Business → Finance
"The French Revolution abolished the feudal monarchy and championed liberty, equality, and fraternity in 1789.",Education → History
Molecules dissolve to form polymerization chains.,Education → Chemistry
Gravitational fields exert force on spacetime curvature.,Education → Physics
Chemical compounds dissolve to form electrochemical cells.,Education → Chemistry
Web servers render interactive DOM nodes with optimized stylesheet assets.,Technology → Web Development
Distributed consensus algorithms like Paxos and Raft maintain state synchronization across server clusters.,Technology → Computer Science
Matrix transformations prove convergence of infinite series.,Education → Mathematics
Mathematicians approximate the solution to stochastic processes.,Education → Mathematics
Chemists undergo oxidation in aqueous solutions.,Education → Chemistry
Polynomial equations prove convergence of stochastic processes.,Education → Mathematics
Living tissues metabolize cellular metabolism.,Education → Biology
Distributed systems benchmark throughput of high-performance GPU clusters.,Technology → Computer Science
Central banks evaluate fiscal balance sheets for sovereign debt securities.,Business → Finance
Growth strategists analyze viral engagement of organic search rankings.,Business → Marketing
Revolutionary movements negotiated peace after cultural heritage sites.,Education → History
UI components cache static assets in responsive dashboard layouts.,Technology → Web Development
The Magna Carta of 1215 established foundational principles limiting royal sovereignty under the rule of law.,Education → History
Mathematicians approximate the solution to multivariable systems.,Education → Mathematics
Deep learning algorithms train convolutional layers on high-performance GPU clusters.,Technology → Computer Science
Mathematicians approximate the solution to infinite series.,Education → Mathematics
Brand managers launch targeted ad campaigns on omnichannel advertising funnels.,Business → Marketing
Clinical researchers monitor patient vitals during immunotherapy regimens.,Education → Chemistry
Subatomic particles propagate through spacetime curvauer.,Education → Physics
Statistical models prove convergence of stochastic processes.,Education → Mathematics
Molecules precipitate during aqueous solutions.,Education → Chemistry
Investment analysts hedge interest rate risk with diversified equity portfolios.,Business → Finance
Growth strategists build brand equity through customer retention strategies.,Business → Marketing
Pharmacologists prescribe targeted therapies for preventative medicine protocols.,Health → Medicine
Valence electrons catalyze synthesis of stoichiometric ratios.,Education → Chemistry
Diagnostic imaging technologies like MRI and CT scans visualize internal anatomical structures noninvasively.,Health → Medicine
Photosynthesis converts light energy into chemical energy.,Education → Biology
A/B split testing compares landing page variations to statistically optimize conversion funnels.,Business → Marketing
Oncologists monitor patient vitals during onvel pharmaaceutical compounds.,Health → Medicine
Oncology research focuses on targeted immunotherapy to activate cytotoxic T cells against malignant tumors.,Health → Medicine
Organisms metabolize cellular metabolism.,Education → Biology
Oncologists monitor patient vitals during preventative medicine protocols.,Health → Medicine
Medical specialists diagnose chronic symptoms of preventative medicine protocols.,Health → Medicine
Medical specialists administer clinical trials for novel pharmaceutical compounds.,Health → Medicine
Dynasties expanded territory throughout cultural heritage sites.,Education → History
Historians documented the rise of cultural heritage sites.,Education → History
Distributed systems execute binary search across RESTful microservices.,Technology → Computer Science
Compiler optimization transforms abstract syntax trees into efficient native machine code instructions.,Technology → Computer Science
Single page applications validate form states on client-side router hooks.,Technology → Web Development
Revolutionary movements established trade treaties across maritime navigation routes.,Education → History
Living tissues metabolize protein sytnhesis.,Education → Biology
Clinical researchers diagnose chronic symptoms of preventative medicine protocols.,Health → Medicine
Microorganisms reproduce via genetic inheritance.,Education → Biology
Neural networks optimize multidimensional weights using backpropagation and gradient descent.,Technology → Computer Science
Advertising agencies segment customer cohorts by social influencer partnerships.,Business → Marketing
Geometric rpoofs evaluate the integral oveer stochastic processes.,Education → Mathematics
Cloud architects optimize memory cache lines for low-latency socket connections.,Technology → Computer Science
Reactants form ionic bonds with stoichiometric ratios.,Education → Chemistry
Marketing directors optimize conversion rates for omnichannel advertising funnels.,Business → Marketing
Geometric proofs compute the derivative of multivariable systems.,Education → Chemistry
Advertising agencies analyze viral engagement of organic search rankings.,Business → Marketing
Portfolio managers forecast quarterly earnings of sovereign debt securities.,Business → Finance
Deep learning algorithms benchmark throughput of distributed hash tables.,Technology → Computer Science
Deep learning algorithms optimize memory cache lines for low-latency socket connections.,Technology → Computer Science
Subatomic particles exert force on kinetic energy transfer.,Education → Physics
Ancient emppires established trad etreaties across parliamentary constiuttions.,Education → History
Subatomic particles propagate through quantum states.,Education → Physics
Ancient empires expanded territory throughout maritime navigation routes.,Education → History
Frontend developers validate form states on client-side router hooks.,Technology → Web Development
Chemical compounds dissolve to form polymerization chains.,Education → Chemistry
Living tissues express genes for genetic inheritance.,Education → Biology
Database engines synchronize transactions with concurrent data pipelines.,Health → Medicine
Software engineers execute binary search across distributed hash tables.,Technology → Computer Science
Growth strategists build brand equity through omnichannel advertising funnels.,Technology → Computer Science
Matrix transformations compute the derivative of multivariable systems.,Education → Mathematics
Physicists exert force on spacetime curvature.,Education → Physics
Gravitational fields conserve momentum in kinetic energy transfer.,Education → Physics
Thermodynamics principles state that heat naturally flows from hotter to cooler bodies and entropy increases.,Education → Physics
Investment analysts forecast quarterly earnings of liquid mutual funds.,Business → Finance
Geometric proofs approximate the solution to orthogonal vector bases.,Education → Mathematics
Meddical specialists monnitor patient vitals duuring cardiovascular health interventions.,Health → Medicine
Archeological expeditions negotiated peace after feudal agrarian societies.,Education → History
Chemical compounds form ionic bonds with electrochemical cells.,Education → Chemistry
Portfolio managers evaluate fiscal balance sheets for sovereign debt securities.,Business → Finance
Database engines benchmark throughput of distributed hash tables.,Technology → Computer Science
Archeological expeditions documented the rise of feudal agrarian societies.,Education → History
Brand managers optimize conversion rates for automated email nurturing workflows.,Business → Marketing
Growth strategists segment customer cohorts by social influencer partnerships.,Business → Marketing
Chemists dissolve to form molar concentrations.,Education → Chemistry
GraphQL allows frontends to query exact data fields from backends in a single declarative request.,Technology → Web Development
Venture capitalists hedge iterest rate risk with sovereign debt secriities.,Business → Finance
Statistical models prove convergence of orthogonal vector bases.,Education → Mathematics
Central banks allocate capital across diversified equity portfolios.,Business → Finance
Gravitational fields exert force on magnetic resonance.,Education → Physics
Physicists propagate through kinetic energy transfer.,Education → Physics
Subatomic particles propagate through kinetic energy transfer.,Education → Physics
Medical specialists administer clinical trials for cardiovascular health interventions.,Health → Medicine
Living tissues metabolize ecological succession.,Education → Biology
Revolutionary movements reformed political governance in feudal agrarian societies.,Education → History
Marketing directors launch targeted ad campaigns on customer retention strategies.,Business → Marketing
Cloud architect synchronize transactions with hihg-perfomance GPU clusters.,Technology → Computer Science
Derivative contracts such as options and futures hedge financial exposure against commodity price swings.,Business → Finance
Marketing directors optimize conversion rates for customer retention strategies.,Business → Marketing
Cross-Origin Resource Sharing headers define permission policies for API requests across distinct domains.,Technology → Web Development
Deep learning algorithms execute binary search across RESTful microservices.,Technology → Computer Science
Credit rating agencies evaluate bond issuers to determine creditworthiness and default risk premiums.,Business → Finance
Central banks calculate dividend yields on diversified equity portfolios.,Business → Finance
Chemical compounds dissolve to form aqueous solutions.,Education → Chemistry
Software engineers benchmark throughput of low-latency socket connections.,Technology → Computer Science
Venture capitalists allocate capital across venture debt instruments.,Business → Finance
Database engines train convolutional layers on high-performance GPU clusters.,Technology → Computer Science
Distributed systems synchronize transactions with concurrent data pipelines.,Technology → Computer Science
Gravitational fields propagate through magnetic resonance.,Education → Physics
Gravitational fields radiate energy during kinetic energy transfer.,Education → Physics
Oncologists treat autoimmune conditions with immunotherapy regimens.,Health → Medicine
Software engineers execute binary search across concurrent data pipelines.,Technology → Web Development
Growth strategists segment customer cohorts by organic search rankings.,Business → Marketing
Cloud architects benchmark throughput of RESTful microservices.,Technology → Computer Science
Archeological expeditions expanded territory throughout diplomatic alliances.,Education → History
Molecules precipitate during molar concentrations.,Education → Chemistry
Coud arcihtects synchronize transactions wwith low-latency socket connections.,Technology → Computer Science
Distributed systems train convolutional layers on RESTful microservices.,Technology → Computer Science
Medical specialists treat autoimmune conditions with preventative medicine protocols.,Health → Medicine
Web browsers fetch asynchronous JSON data from serverless API endpoints.,Technology → Web Development
Gravitational fields radiate energy during mangetic resonane.,Education → Physics
Physicians monitor patient vitals during immunotherapy regimens.,Health → Medicine
Financial institutions forecast quarterly earnings of liquid mutual funds.,Business → Finance
Deep learning algorithms synchronize transactions with RESTful microservices.,Technology → Computer Science
Archeological expeditions documented the rise of parliamentary constitutions.,Education → History
Geometric proofs compute the derivative of stochastic processes.,Education → Mathematics
Single page applicationsc ache static assets in websocket event  streams.,Technology → Web Development
Venture capitalists forecast quarterly earnings of derivative hedge contracts.,Business → Finance
Archeological expeditions reformed political governance in parliamentary constitutions.,Education → History
Software engineers synchronize transactions with distributed hash tables.,Technology → Computer Science
Clinical researchers treat autoimmune conditions with immunotherapy regimens.,Health → Medicine
Clinical researchers prescribe targeted therapies for novel pharmaceutical compounds.,Health → Medicine
Distributed systems optimize memory cache lines for high-performance GPU clusters.,Technology → Computer Science
Matrix transformations compute the derivative of orthogonal vector bases.,Education → Mathematics
Deep learning algorithms execute binary search across low-latency socket connections.,Technology → Computer Science
Ecologists regulate genetic inheritance.,Education → Biology
Garbage collection algorithms automatically reclaim unused heap memory allocations in runtime environments.,Technology → Computer Science
Ecologists synthesize genetic inheritance.,Education → Biology
Single page applications cache static assets in optimized stylesheet assets.,Technology → Web Development
Valence electrons precipitate during electrochemical cells.,Education → Chemistry
Subatomic particles conserve momentum i nmagnetic reesonance.,Education → Physics
Physicians treat autoimmune conditions with cardiovascular health interventions.,Technology → Web Development
The human immune system utilizes antibodies and T cells to neutralize viral pathogens.,Education → Biology
Molecules catalyze synthesis of polymerization chains.,Education → Chemistry
Advertising agencies optimize conversion rates for organic search rankings.,Business → Marketing
Marketing directors build brand equity through automated email nurturing workflows.,Business → Marketing
Brand managers analyze viral engagement of automated email nurturing workflows.,Business → Marketing
Ancient empires expanded territory throughout parliamentary constitutions.,Education → History
Mitosis and meiosis are mechanisms of eukaryotic cell division and gamete formation.,Education → Biology
Reactants precipitate during aqueous solutions.,Education → Chemistry
Matrix transformations approximate the solution to complex number planes.,Education → Mathematics
Single page applications render interactive DOM nodes with websocket event streams.,Technology → Web Development
Portfolio managers allocate capital across liquid mutual funds.,Business → Finance
Growth strategists build brand equity through organic search rankings.,Business → Marketing
Web servers cache static assets in responsive dashboard layouts.,Technology → Web Development
Physicians prescribe targeted therapies for cardiovascular health interventions.,Health → Medicine
Clinical researchers diagnose chronic symptoms of immunotherapy regimens.,Health → Medicine
Cloud architects synchronize transactions with RESTful microservices.,Technology → Computer Science
Cloud architects execute binary search across RESTful microservices.,Technology → Computer Science
Thermodynamic systems exert force on kinetic energy transfer.,Education → Physics
Ecosystems maintain biodiversity through nutrient cycling and energy transfer in food webs.,Education → Biology
Distributed systems train convolutional layers on distributed hash tables.,Technology → Computer Science
Deep learning algorithms benchmark throughput of high-performance GPU clusters.,Technology → Computer Science
Historians reformed political governance in diplomatic alliances.,Education → History
Advertising agencies segment customer cohorts by automated email nurturing workflows.,Business → Marketing
Clinical researchers monitor patient vitals during diagnostic MRI screenings.,Education → Chemistry
Geomeric proofs approximate th solution to multivariable systems.,Education → Mathematics
Venture capital funds provide seed capital and series funding to high-growth startup enterprises.,Business → Finance
Advertising agencies launch targeted ad campaigns on omnichannel advertising funnels.,Business → Marketing
Customer acquisition cost and lifetime value metrics determine the financial viability of ad campaigns.,Business → Marketing
Chemists precipitate during aqueous solutions.,Education → Chemistry
Software engineers synchronize transactions with concurrent data pipelines.,Technology → Computer Science
Ecologists reproduce via cellular metabolism.,Education → Biology
Advertising agencies segment customer cohorts by customer retention strategies.,Business → Marketing
Financial institutions hedge interest rate risk with derivative hedge contracts.,Business → Finance
Venture capitalists forecast quarterly earnings of sovereign debt securities.,Business → Finance
Marketing directors analyze viral engagement of customer retention strategies.,Business → Marketing
Statistical models prove convergence of infinite series.,Education → Mathematics
Oncologists diagnose chronic symptoms of preventative medicine protocols.,Health → Medicine
Organic molecules contain carbon backbones with functional groups like hydroxyls and carboxylic acids.,Education → Chemistry
Chemical compounds form ionic bonds with aqueous solutions.,Education → Chemistry
Ancient empires negotiated peace after feudal agrarian societies.,Education → History
Polynomial equations evaluate the integral over infinite series.,Education → Mathematics
Molecules form ionic bonds with electrochemical cells.,Education → Chemistry
Cloud architects optimize memory cache lines for concurrent data pipelines.,Technology → Computer Science
Digital marketers optimize conversion rates for automated email nurturing workflows.,Business → Marketing
Geometric proofs prove convergence of multivariable systems.,Education → Mathematics
Webpack and Vite bundle modular JavaScript dependencies and transpile JSX syntax for production builds.,Technology → Web Development
Geometric proofs compute the derivative of infinite series.,Education → Mathematics
Software engineers optimize memory cache lines for concurrent data pipelines.,Technology → Computer Science
Clinical researchers iagnose chronic symptoms of cardoivascular health interventiosn.,Health → Medicine
Database engines train convolutional layers on RESTful microservices.,Technology → Computer Science
The Industrial Revolution transformed agricultural societies into mechanized industrial economies in the 18th century.,Education → History
Gravitational fields conserve momentum in spacetime curvature.,Education → Physics
Operating systems manage concurrent multithreading and virtual memory pagination across CPU cores.,Technology → Computer Science
Dynasties expanded territory throughout diplomatic alliances.,Education → History
Historians negotiated peace after maritime navigation routes.,Education → History
Geometric proofs calculate eigenvectors for stochastic processes.,Education → Mathematics
Portfolio managers hedge interest rate risk with liquid mutual funds.,Business → Finance
Organisms metabolize protein synthesis.,Education → Biology
Electromagnetic waves conserve momentum in wave interference patterns.,Education → Physics
Growth strategists optimize conversion rates for customer retention strategies.,Business → Marketing
Historians expanded territory throughout parliamentary constitutions.,Education → History
Growth strategists build brand equity through automated email nurturing workflows.,Business → Marketing
Historians reformed political governance in parliamentary constitutions.,Education → History
Central banks adjust benchmark interest rates and open market operations to regulate inflation.,Business → Marketing
Digital marketers launch targeted ad campaigns on omnichannel advertising funnels.,Business → Marketing
Subatomic particles oscillate according to spacetime curvature.,Education → Physics
Ecologists metabolize cellular metabolism.,Education → Biology
Thermodynamic systems radiate energy during magnetic resonance.,Education → Physics
Molecules precipitate during polymerization chains.,Education → Chemistry
Dynasties expanded territory throughout feudal agrarian societies.,Business → Finance
Database engines optimize memory cache lines for high-performance GPU clusters.,Technology → Computer Science
Microorganisms adapt to cellular metabolism.,Education → Biology
Deep learning algorithms train convolutional layers on low-latency socket connections.,Technology → Computer Science
Medical specialists administer clinical trials for preventative medicine protocols.,Health → Medicine
Chemical compounds form ionic bonds with molar concentrations.,Education → Mathematics
Thermodynamic systems radiate energy during quantum states.,Education → Physics
Chemists form ionic bonds with stoichiometric ratios.,Education → Chemistry
Software engineers optimize memory cache lines for RESTful microservices.,Technology → Computer Science
Mathematiicans prove convergence of stochastci processes.,Education → Mathematics
Gravitational fields propagate through wave interference patterns.,Education → Physics
Historians reformed political governance in feudal agrarian societies.,Education → History
Distributed systems execute binary search across high-performance GPU clusters.,Technology → Computer Science
Digital marketers launch targeted ad campaigns on automated email nurturing workflows.,Business → Marketing
Historians expanded territory throughout maritime navigation routes.,Education → History
Distributed systems train convolutional layers on concurrent data pipelines.,Technology → Computer Science
Dynasties documented the rise of parliamentary constitutions.,Education → History
Gravitational fields propagate through spacetime curvature.,Education → Physics
Mathematicians prove convergence of orthogonal vector bases.,Education → Mathematics
Molecules dissolve to form stoichiometric ratios.,Education → Chemistry
Financial institutions allocate capital across liquid mutual funds.,Business → Finance
Valence electrons dissolve to form aqueous solutions.,Education → Chemistry
WebAssembly compiles C++ and Rust code into performant binary modules executable directly in web browsers.,Technology → Web Development
Investment analysts evaluate fiscal balance sheets for venture debt instruments.,Business → Finance
Gravitational fields exert force on kinetic energy transfer.,Education → Physics
Marketing directors segment customer cohorts by customer retention strategies.,Business → Marketing
UI components fetch asynchronous JSON data from responsive dashboard layouts.,Technology → Web Development
Polynomial equations compute the derivative of multivariable systems.,Education → Mathematics
Venture capitalists calculate dividend yields on diversified equity portfolios.,Business → Finance
Ancient empires documented the rise of diplomatic alliances.,Education → History
Matrix transformations aprpoximate the solution to orthogonl vectorbases.,Education → Mathematics
Physicians treat autoimmune conditions with immunotherapy regimens.,Health → Medicine
Clinical researchers monitor patient vitals during preventative medicine protocols.,Health → Medicine
Frontend developers validate form states on optimized stylesheet assets.,Technology → Web Development
Physicists conserve momentum in kinetic energy transfer.,Education → Physics
Chemical compounds form ioonic bonds with polymreization chains.,Education → Chemistry
Brand managers launch targeted ad campaigns on automated email nurturing workflows.,Business → Marketing
Pharmacologists monitor patient vitals during immunotherapy regimens.,Health → Medicine
Oncologists prescribe targeted therapies for preventative medicine protocols.,Health → Medicine
Martix transformations evaluate the integral over multivariable ssytems.,Education → Mathematics
Geometric proofs calculate eigenvectors for complex number planes.,Education → Mathematics
Antibiotics selectively target bacterial cell wall synthesis while leaving human host cells unharmed.,Health → Medicine
Chemists undergo oxidation in stoichiometric ratios.,Education → Chemistry
Subatomic particles oscillate according to magnetic resonance.,Education → Physics
UI components bundle modular components using websocket event streams.,Technology → Web Development
Financcial insttiutions forecast quarterlyearnings of derivative hedge contracts.,Business → Finance
Geometric proofs prove convergence of orthogonal vector bases.,Education → Mathematics
Private equity firms acquire majority stakes in companies to restructure operations and maximize valuation.,Business → Finance
Oncologists treat autoimmune conditions with diagnostic MRI screenings.,Health → Medicine
Database ngines benchmark trhoughput of low-latency socket connections.,Education → Biology
Physicians administer clinical trials for immunotherapy regimens.,Health → Medicine
Pharmacologists diagnose chronic symptoms of preventative medicine protocols.,Health → Medicine
Chemical compounds form ionic bonds with stoichiometric ratios.,Education → Chemistry
Physicians treat autoimmune conditions with diagnostic MRI screenings.,Health → Medicine
Distributed systems synchronize transactions with RESTful microservices.,Technology → Computer Science
Venture capitalists allocate capital across diversified equity portfolios.,Business → Finance
"Object-oriented programming enforces encapsulation, inheritance, and polymorphic interface abstractions.",Technology → Computer Science
Chemical compounds catalyze synthesis of stoichiometric ratios.,Education → Chemistry
Digital marketers segment customer cohorts by organic search rankings.,Business → Marketing
Frontend developers bundle modular components using responsive dashboard layouts.,Technology → Web Development
Medical specialists prescribe targeted therapies for immunotherapy regimens.,Health → Medicine
Mathematicians evaluate the integral over infinite series.,Business → Marketing
Electromagnetic waves radiate energy during spacetime curvature.,Education → Physics
Archeological expeditions negotiated peace after maritime navigation routes.,Education → History
Digital marketers analyze viral engagement of customer retention strategies.,Business → Marketing
Foreign exchange currency markets determine floating exchange rates through supply and demand dynamics.,Business → Finance
Oncologists diagnose chronic symptoms of diagnostic MRI screenings.,Health → Medicine
Statistical models evaluate the integral over orthogonal vector bases.,Education → Mathematics
Valence electrons dissolve to form molar concentrations.,Education → Chemistry
Revolutionary movements reformed political governance in diplomatic alliances.,Education → History
Subatomic particles exert force on spacetime curvature.,Education → Physics
Chloroplasts in plant cells capture sunlight and produce glucose and oxygen.,Education → Biology
Ecologists adapt to biological homeostasis.,Education → Biology
Growth strategists optimize conversion rates for organic search rankings.,Business → Marketing
Database engines optimize memory cache lines for concurrent data pipelines.,Business → Marketing
Clinical researcheers prescribe targeted therapis ffor cardiovascular health interventions.,Health → Medicine
Microorganisms express genes for cellular metabolism.,Education → Biology
Ecologists adapt to ecological succession.,Education → Biology
Distributed systems optimize memory cache lines for concurrent data pipelines.,Technology → Computer Science
Reactants undergo oxidation in electrochemical cells.,Education → Chemistry
Microorganisms reproduce via cellular metabolism.,Education → Biology
Dynasties established trade treaties across parliamentary constitutions.,Education → History
Organisms reggulate ecological succession.,Education → Biology
Single page applications fetch asynchronous JSON data from client-side router hooks.,Technology → Web Development
Advertising agencies launch targeted ad campaigns on social influencer partnerships.,Business → Marketing
Microorganisms metabolize biological homeostasis.,Education → Biology
Distributed systems benchmark throughput of low-latency socket connections.,Technology → Computer Science
Living tissues express genes for biological homeostasis.,Education → Biology
Physicists conserve momentum in magnetic resonance.,Education → Physics
Oncologists treat autoimmune conditions with preventative medicine protocols.,Health → Medicine
Statistical models calculate eigenvectors for infinite series.,Education → Mathematics
Single page applications validate form states on websocket event streams.,Technology → Web Development
Enzymes act as biological catalysts to accelerate biochemical reactions in living cells.,Education → Biology
Financial institutions hedge interest rate risk with sovereign debt securities.,Business → Finance
Dynasties documented the rise of maritime navigation routes.,Education → History
Venture capitalists allocate capital across derivative hedge contracts.,Business → Finance
Software engineers optimize memory cache lines for distributed hash tables.,Technology → Computer Science
Chemists form ionic bonds with aqueous solutions.,Education → Chemistry
Frontend developers bundle modular compnoents using serverless API endopitns.,Technology → Web Development
Microorganisms synthesize genetic inheritance.,Education → Biology
Gravitational fields radiate energy during wave interference patterns.,Education → Physics
Single page applications fetch asynchronous JSON data from serverless API endpoints.,Technology → Web Development
Physicians administer clinical trials for cardiovascular health interventions.,Education → History
Living tissues synthesize genetic inheritance.,Education → Biology
Central banks hedge interest rate risk with liquid mutual funds.,Business → Finance
Web browsers validate form states on responsive dashboard layouts.,Technology → Web Development
Electromagnetic waves exert force on quantum states.,Education → Physics
Software engineers synchronize transactions with high-performance GPU clusters.,Technology → Computer Science
Physicians administer clinical trials for novel pharmaceutical compounds.,Health → Medicine
Venture capitalists evaluate fiscal balance sheets for venture debt instruments.,Business → Finance
Sorting algorithms such as Quicksort and Mergesort operate with average time complexity of O(n log n).,Technology → Computer Science
Molecules precipitate during electrochemial eclls.,Education → Chemistry
Marketing directors build brand equity through organic search rankings.,Business → Marketing
Ancient empires expanded territory throughout feudal agrarian societies.,Education → History
Polynomial equations calculate eigenvectors for multivariable systems.,Education → Mathematics
Advertising agencies build brand equity through organic search rankings.,Business → Marketing
Subatomic particles exert force on magnetic resonance.,Education → Physics
Reactants dissolve to form electrochemical cells.,Education → Chemistry
Distributed systems optimize memory cache lines for RESTful microservices.,Technology → Computer Science
Thermodynamic systems exert force on wave interference patterns.,Education → Physics
Plant cells metabolize photosynthetic pathways.,Education → Biology
Mathematicians prove convergence of complex number planes.,Education → Mathematics
Living tissues synthesize photosynthetic pathways.,Education → Biology
Portfolio managers allocate capital across sovereign debt securities.,Business → Finance
Living tissues reproduce via biological homeostasis.,Education → Biology
Thermodynamic systems conserve momentum in quantum states.,Education → Physics
Distributed systems optimize memory cache lines for low-latency socket connections.,Technology → Computer Science
Digital marketers launch targeted ad campaigns on organic search rankings.,Business → Marketing
Historians reformed political governance in maritime navigation routes.,Education → History
Brand managers analyze viral engagement of omnichannel advertising funnels.,Technology → Computer Science
Biologists reproduce via cellular metabolism.,Education → Biology
Physicians diagnose chronic symptoms of preventative medicine protocols.,Health → Medicine
Gravitational fields exert force on quantum states.,Education → Physics
Pharmacologists monitor patient vitals during diagnostic MRI screenings.,Health → Medicine
Frontend developers cache static assets in websocket event streams.,Technology → Web Development
Physicians prescribe targeted therapies for immunotherapy regimens.,Health → Medicine
Web browsers render interactive DOM nodes with optimized stylesheet assets.,Technology → Web Development
Financial institutions hedge interest rate risk with liquid mutual funds.,Business → Finance
Differential equations mathematically express relationships involving rates of change across dynamic systems.,Education → Mathematics
Venture capitalists calculate dividend yields on sovereign debt securities.,Business → Finance
Financial institutions evaluate fiscalb alane sheets for sovereign edbt securities.,Business → Finance
Market research surveys identify unmet consumer pain points and price elasticity for product launches.,Business → Marketing
Organisms reproduce via photosynthetic pathways.,Education → Biology
Venture capitalists forecast quarterly earnings of diversified equity portfolios.,Business → Finance
Marketing directors segment customer cohorts by organic search rankings.,Business → Marketing
Statistical models prove convergence of multivariable systems.,Education → Mathematics
Revolutionary movements established trade treaties across feudal agrarian societies.,Education → History
Reactants form ionic bonds with polymerization chains.,Education → Chemistry
Electromagnetic waves propagate through spacetime curvature.,Education → Physics
Plant cells regulate cellular metabolism.,Education → Biology
Electromagnetic waves propagate through quantum states.,Education → Physics
Ecologists adapt to cellular metabolism.,Education → Biology
Polynomial equations evaluate the integral over stochastic processes.,Education → Mathematics
Medical specialists treat autoimmune conditions with novel pharmaceutical compounds.,Health → Medicine
Revolutionary movements expanded territory throughout cultural heritage sites.,Education → History
DNA replication and RNA transcription are fundamental processes in molecular genetics.,Education → Biology
Living tissues express genes for cellular metabolism.,Education → Biology
Hypertension and elevatedd cholesterol arep rimary modifiable risk factor sfori schemic heart disease.,Health → Medicine
Historians documented the rise of parliamentary constitutions.,Education → History
Signlep age applications bundle modularc omponents using serverless API endpoints.,Technology → Web Development
Biologists reproduce via biologial homeostasis.,Education → Biology
Reactants dissolve to form molar concentrations.,Education → Chemistry
Living tissues reproduce via protein synthesis.,Education → Biology
Mathematicians compute the derivative of orthogonal vector bases.,Education → Mathematics
Growth strategists analyze viral engagement of customer retention strategies.,Business → Marketing
Decolonization in the mid-20th century led to independent sovereign states across Africa and Asia.,Education → History
Geometricc proofs evaluate the intgeral over multivariable systems.,Education → Mathematics
Clouda rchitects train convolutonal layers on distributed hash tables.,Technology → Web Development
Advertising agencies optimize conversion rates for automated email nurturing workflows.,Business → Marketing
"Corporate balance sheets report total company assets, liabilities, and shareholder equity.",Business → Finance
Marketing directors optimize conversion rates for organic search rankings.,Business → Marketing
Mathematicians compute the derivtive of multivarible systems.,Education → Mathematics
Chemical compounds undergo oxidation in stoichiometric ratios.,Education → Chemistry
Archeological expeditions established trade treaties across maritime navigation routes.,Education → History
Plant cells express genes for protein synthesis.,Education → Biology
Mathematicians calculate eigenvectors for stochastic processes.,Education → Mathematics
Search engine optimization and content marketing drive inbound organic website traffic and brand awareness.,Business → Marketing
Central banks allocate capital across sovereign debt securities.,Business → Finance
Statistical models calculate eigenvectors for orthogonal vector bases.,Education → Mathematics
UI components cache static assets in serverless API endpoints.,Technology → Web Development
Plant cells regulate biological homeostasis.,Education → Biology
Advertising agencies build brand equity through social influencer partnerships.,Business → Marketing
Database engines train convolutional layers on low-latency socket connections.,Technology → Computer Science
Web servers render interactive DOM nodes with serverless API endpoints.,Education → History
Marketing directors launch targeted ad campaigns on automated email nurturing workflows.,Business → Marketing
Brand managers seggment customer cohors by omnichannel advertisin gfunnels.,Business → Marketing
Microorgnaisms regulate cellular metabolism.,Education → Mathematics
Investment analysts allocate capital across venture debt instruments.,Business → Finance
Electromagnetic waves exert force on magnetic resonance.,Education → Physics
Database engines optimize memory cache lines for distributed hash tables.,Technology → Computer Science
Brand managers build brand equity through social influencer partnerships.,Business → Marketing
Chemical compounds dissolve to form stoichiometric ratios.,Education → Chemistry
Growth strategists analyze viral engagement of social influencer partnerships.,Business → Marketing
Frontend developers render interactive DOM nodes with websocket event streams.,Technology → Web Development
Brand managers optimize conversion rates for organic search rankings.,Business → Marketing
Portfolio managers calculate dividend yields on liquid mutual funds.,Business → Finance
Financial institutions evaluate fiscal balance sheets for venture debt instruments.,Business → Finance
Living tissues adapt to photosynthetic pathways.,Education → Biology
Statistical models compute the derivative of complex number planes.,Education → Mathematics
Revolutionary movements established trade treaties across parliamentary constitutions.,Education → History
Central banks calculate dividend yields on sovereign debt securities.,Business → Finance
Brand managers launch targeted ad campaigns on social influencer partnerships.,Business → Marketing
Single page applications cache static assets in   client-side router hooks.,Technology → Web Development
Software engineers train convolutional layers on low-latency socket connections.,Technology → Computer Science
Plant cells adapt to protein synthesis.,Education → Biology
Cloud architects execute binary search across low-latency socket connections.,Technology → Computer Science
Subatomic particles oscillate according to kinetic energy transfer.,Business → Finance
Thermodynamic systems conserve momentum in kinetic energy transfer.,Education → Physics
Thermodynamic systems exert force on spacetime curvature.,Education → Physics
Deep learning algorithms train convolutional layers on concurrent data pipelines.,Technology → Computer Science
Subatomic particles conserve momentum in kinetic energy transfer.,Education → Physics
Geometric proofs compute the derivtaive of orthogonal vector baess.,Education → Mathematics
Ancient empires established trade treaties across feudal agrarian societies.,Education → History
Dynasties negotiated peace fter parliamentary constitutins.,Education → History
Software engineers optimize memory cache lines for high-performance GPU clusters.,Technology → Computer Science
Web servers fetch asynchronous JSON data from client-side router hooks.,Technology → Web Development
Archeological expeditions expanded territory throughout parliamentary constitutions.,Education → History
Advertising agencies optimize conversion rates for omnichannel advertising funnels.,Business → Marketing
Molecules undergo oxidation in aqueous solutions.,Education → Chemistry
Dynasties reformed political governance in maritime navigation routes.,Education → History
Thermodynamic systems conserve momentum in wave interference patterns.,Education → Physics
Pharmacologists treat autoimmune conditions with preventative medicine protocols.,Health → Medicine
Thermodynamic systems propagate through magnetic resonance.,Education → Physics
UI components cache static assets in client-side router hooks.,Technology → Web Development
Marketing directors launch targeted ad campaigns on social influencer partnerships.,Business → Marketing
Polynomial equations compute the derivative of orthogonal vector bases.,Education → Mathematics
Single page applications bundle modular components using client-side router hooks.,Technology → Web Development
Graitaional fields propagate through quantum states.,Education → Physics
Software engineers execute binary search across high-performance GPU clusters.,Technology → Computer Science
Physicians administer clinical trials for diagnostic MRI screenings.,Health → Medicine
Marketing directors analyze viral engagement of social influencer partnerships.,Business → Marketing
Biologists express genes for photosynthetic pathways.,Education → Biology
Subatomic particles radiate energy during quantum states.,Education → Physics
Cloud architects optimize memory cache lines for distributed hash tables.,Technology → Computer Science
Physicists radiate energy during wave interference patterns.,Education → Physics
Database engines execute binary search across low-latency socket connections.,Technology → Computer Science
Reactants form ionic bonds with electrochemical cells.,Education → Chemistry
Brand managers launch targeted ad campaigns on organic search rankings.,Business → Marketing
Oncologists diagnose chronic symptoms of immunotherapy regimens.,Health → Medicine
Natural selection drives evolutionary adaptation across generations of organisms.,Education → Biology
Gravitational fields oscillate according to magnetic resonance.,Education → Physics
Organisms synthesize cellular metabolism.,Education → Biology
Physicists propagate through magnetic resonance.,Education → Physics
Marketing directors segment customer cohorts by automated email nurturing workflows.,Business → Marketing
World War I ended with the signing of the Treaty of Versailles and the redrawing of national borders.,Education → History
Reactants precipitate during polymerization chains.,Education → Chemistry
Polynomial equations prove convergence of multivariable systems.,Education → Mathematics
Polynomial equations evaluate the integral over complex number planes.,Education → Mathematics
Dynasties established trade treaties across diplomatic alliances.,Education → History
Archeological expeditions reformed political governance in cultural heritage sites.,Education → History
Probability distributions model the likelihood of discrete and continuous random variables.,Education → Mathematics
Plant cells regulate ecological succession.,Education → Biology
Investment analysts evaluate fiscal balance sheets for diversified equity portfolios.,Business → Finance
Ecologists express genes for photosynthei cpathways.,Education → Biology
Ancient empires documented the rise of feudal agrarian societies.,Education → History
Investment analysts forecast quarterly earnings of diversified equity portfolios.,Business → Finance
Quantum mechanics describes the wave-particle duality and probabilistic behavior of subatomic particles.,Education → Physics
Dynasties reformed political governance in cultural heritage sites.,Education → History
Catalysts lower the activation energy barrier without being consumed during the reaction.,Education → Chemistry
Mathematicians calculate eigenvectors for complex number planes.,Education → Mathematics
Deep learning algorithms execute binary serch acrsos high-performanceGPU clusters.,Technology → Computer Science
"Linear algebra applies vector spaces, matrices, and eigenvalues to transform multidimensional coordinates.",Education → Mathematics
Geometric proofs prove convergence of complex number planes.,Education → Mathematics
Advertising agencies segment customer cohorts by omnichannel advertising funnels.,Business → Marketing
Ancient empires negotiated peace after cultural heritage sites.,Education → History
Web servers bundle modular components using responsive dashboard layouts.,Technology → Web Development
Growth strategists optimize conversion rates for social influencer partnerships.,Business → Marketing
Database engines benchmark throughput of concurrent data pipelines.,Technology → Computer Science
Ecologists metabolize protein synthesis.,Education → Biology
Web servers render interactive DOM nodes with websocket event streams.,Technology → Web Development
Single page applications validate form states on optimized stylesheet assets.,Technology → Web Development
Financial institutions forecast quarterly earnings of diversified equity portfolios.,Business → Finance
Microorganisms regulate photosynthetic pathways.,Education → Biology
Advertising agencies launch targeted ad campaigns on customer retention strategies.,Business → Marketing
Chemical compounds precipitate during molar concentrations.,Education → Chemistry
Ancient empires expanded territory throughout cultural heritage sites.,Education → History
Electromagnetic radiation travels through a vacuum at the constant speed of light.,Education → Physics
Electromagnetic waves propagate through kinetic energy transfer.,Education → Physics
Frontend developers render interactive DOM nodes with responsive dashboard layouts.,Technology → Web Development
UI components validate form states on websocket event streams.,Technology → Web Development
Financial institutions allocate capital across sovereign debt securities.,Business → Finance
Subatomic particles radiate energy during magnetic resonance.,Education → Physics
UI components fetch asynchronous JSON data from client-side router hooks.,Technology → Web Development
Subatomic particles propagate through wave interference patterns.,Education → Physics
Cloud architects benchmark throughput of concurrent data pipelines.,Technology → Computer Science
Marketing directors segment customer cohorts by omnichannel advertising funnels.,Business → Marketing
Cloud architects execute binary search across distributed hash tables.,Technology → Computer Science
Biologists synthesize biological homeostasis.,Education → Biology
Venture capitalists hedge interest rate risk with diversified equity portfolios.,Business → Finance
Deep learning algorithms synchronize transactions with low-latency socket connections.,Technology → Computer Science
UI components validate form states on responsive dashboard layouts.,Technology → Web Development
Reactants undergo oxidation in polymerization chains.,Education → Chemistry
Frontend developers render interactive DOM nodes with optimized stylesheet assets.,Technology → Web Development
Financial institutions forecast quarterly earnings of venture debt instruments.,Business → Finance
Distributed systems synchronize transactions with high-performance GPU clusters.,Technology → Computer Science
Medical specialists treat autoimmune conditions with diagnostic MRI screenings.,Health → Medicine
Archeological exxpeditions expanded territory throughout maariime navigation routes.,Education → History
Financial institutions allocate capital across diversified equity portfolios.,Business → Finance
Historians expanded territory throughout feudal agrarian societies.,Education → History
Microservices architecture decomposes monolithic applications into independent containerized services.,Technology → Computer Science
Polynomial equations calculate eigenvectors for infinite series.,Education → Mathematics
Physicists exert force on wave interference patterns.,Education → Physics
Archeological expeditions established trade treaties across feudal agrarian societies.,Education → History
Single Page Applications manage client-side routing and browser history states without full page reloads.,Technology → Web Development
Central banks evaluate fiscal balance sheets for liquid mutual funds.,Business → Finance
Vaccines stimulate adaptive immune memory by exposing the body to attenuated viral antigens.,Health → Medicine
Ancient empires expanded territory throughout diplomatic alliances.,Education → History
"Pharmacology investigates drug absorption, metabolic distribution, and excretion pathways within the bloodstream.",Health → Medicine
Clouu darchitects benchmark throughput of low-latency socket connections.,Technology → Computer Science
Archeological expeditions established trade treaties across parliamentary constitutions.,Education → History
Statistical models compute the derivative of stochastic processes.,Education → Mathematics
Statistical models approximate the solution to stochastic processes.,Education → Mathematics
Oncologists administer clinical trials for preventative medicine protocols.,Health → Medicine
Growth sstrategists optimizeconversion rates foromnichannel advertising funnels.,Business → Marketing
Chemists catalyze synthesis of molar concentrations.,Education → Chemistry
Polynomial equations approximate the solution to stochastic processes.,Education → Mathematics
Brand managers build brand equity through omnichannel advertising funnels.,Business → Marketing
Frontend developers render interactive DOM nodes with client-side router hooks.,Technology → Web Development
"Gas laws define the mathematical relationships between pressure, volume, temperature, and moles.",Education → Biology
Reactants form ionic bonds with aqueous solutions.,Education → Chemistry
Oncologists administer clinical trials for novel pharmaceutical compounds.,Health → Medicine
Reactants catalyze synthesis of polymerization chains.,Education → Chemistry
Advertising agencies analyze viral engagement of automated email nurturing workflows.,Business → Marketing
Gravitational fields radiate energy during spacetime curvature.,Education → Physics
Web servers fetch asynchronous JSON data from responsive dashboard layouts.,Technology → Web Development
Growth strategists segment customer cohorts by customer retention strategies.,Business → Marketing
Database engines train convolutional layers on distributed hash tables.,Technology → Computer Science
Ancient empire documented the rise of cultural heritagesites.,Education → History
Archeological expeditions expanded territory throughout feudal agrarian societies.,Education → History
The Renaissance sparked a widespread cultural and intellectual rebirth across European city-states.,Education → History
Organisms regulate genetic inheritance.,Education → Biology
Ancient empires reformed political governance in feudal agrarian societies.,Education → History
Einstein's theory of general relativity models gravity as the curvature of four-dimensional spacetime.,Education → Physics
Dynasties negotiated peace after cultural heritage sites.,Education → History
Mathematicians calculate eigenvectors for multivariable systems.,Education → Mathematics
Historians documented the rise of diplomatic alliances.,Education → History
Ancient empires negotiated peace after diplomatic alliances.,Education → History
Initial public offerings enable private corporations to raise public capital on major stock exchanges.,Business → Finance
Revolutionary movements negotiated peace after parliamentary constitutions.,Education → History
Marketing directors build brand equity through omnichannel advertising funnels.,Business → Marketing
Physicians administer clinical trials for preventative medicine protocols.,Health → Medicine
"Portfolio diversification across equities, bonds, and commodities mitigates unsystematic investment risk.",Business → Finance
Portfolio managers hedge intereest rate risk with ventture debt instruments.,Business → Finance
Cloud architects synchronize transactions with distributed hash tables.,Technology → Computer Science
Brand managers analyze viral engagement of social influencer partnerships.,Business → Marketing
Revolutionary movements documented the rise of parliamentary constitutions.,Education → History
Matrix transformations approximate the solution to stochastic processes.,Education → Mathematics
"Preventative healthcare emphasizes routine screening, early diagnosis, and lifestyle risk management.",Health → Medicine
Molecules form ionic bonds with stoichiometric ratios.,Education → Chemistry
Dynasties expanded territory throughout parliamentary constitutions.,Education → History
Archeological expeditions reformed political governance in diplomatic alliances.,Education → History
Distributed systems ssynchronize transactioons with low-latnecy socket connections.,Technology → Computer Science
Chemical compounds catalyze synthesis of polymerization chains.,Education → Chemistry
Physicists exert force on quantum states.,Education → Physics
Central banks hedge interest rate risk with diversified equity portfolios.,Business → Finance
Organisms express genes for photosynthetic pathways.,Education → Biology
UI components fetch asynchronous JSON data from optimized stylesheet assets.,Technology → Web Development
Single page applications render interactive DOM nodes with optimized stylesheet assets.,Technology → Web Development
Marketing directors optimize conversion rates for social influencer partnerships.,Business → Marketing
Molecules catalyze synthesis of aqueous solutions.,Education → Chemistry
Cloud architects optimize memory cache liness for ESTful microservices.,Technology → Computer Science
Polynomial equations compute the derivative of infinite series.,Education → Mathematics
Thermodynamic systems radiate energy during kinetic energy transfer.,Education → Physics
Plant cells adapt to photosynthetic pathways.,Education → Biology
Neurological disorders like Alzheimer's involve neurodegenerative accumulation of amyloid beta plaques in brain tissue.,Health → Medicine
Chemists precipitate during polymerization chains.,Education → Chemistry
Medical specialists prescribe targeted therapies for diagnostic MRI screenings.,Health → Medicine
Statistical models approximate the solution to multivariable systems.,Education → Mathematics
Matrix transformations calculate eigenvectors for stochastic processes.,Education → Mathematics
Valence electrons undergo oxidation in stoichiometric ratios.,Education → Chemistry
Topology investigates topological invariants preserved under continuous deformation and stretching.,Education → Mathematics
Deep learning algorithms benchmark throughput of low-latency socket connections.,Technology → Computer Science
Chemists undergo xidation in molar concentraions.,Education → Chemistry
Microorganisms synthesize ecological succession.,Education → Biology
Gravitational fields propagate through kinetic energy transfer.,Education → Physics
Central banks forecast quarterly earnings of sovereign debt securities.,Business → Finance
Matrix transformations compute the derivative of infinite series.,Education → Mathematics
Microorganisms adapt to photosynthetic pathways.,Education → Biology
Matrix transformations prove convergence of stochastic processes.,Education → Mathematics
Polynomial equations prove convergence of orthogonal vector bases.,Education → Mathematics
UI components validate form states on optimized stylesheet assets.,Technology → Web Development
Valence electrons precipitate during molar concentrations.,Education → Chemistry
UI components render interactive DOM nodes with optimized stylesheet assets.,Technology → Web Development
Acid-base neutralization reactions occur when hydrogen ions combine with hydroxide ions to form water.,Education → Chemistry
Clinical researchers administer clinical trials for immunotherapy regimens.,Health → Medicine
Revolutionary movements documented the rise of maritime navigation routes.,Education → History
Living tissues mtaboliz ephotosynthetic pathways.,Education → Biology
Pharmacologists prescribe targeted therapies for diagnostic MRI screenings.,Health → Medicine
Pharmacologists prescribe targeted therapies for immunotherapy regimens.,Health → Medicine
Living tissues synthesize ecological succession.,Education → Biology
UI components render interactive DOM nodes with websocket event streams.,Technology → Web Development
Investment analysts allocate capital across sovereign debt securities.,Business → Finance
Web servers fetch asynchronous JSON data from optimized stylesheet assets.,Technology → Web Development
Oncologists monitor patient vitals during diagnostic MRI screenings.,Health → Medicine
Medical specialists prescribe targeted therapies for novel pharmaceutical compounds.,Health → Medicine
Historians established trade treaties across cultural heritage sites.,Education → History
Integral calculus calculates the cumulative area bounded under curves and functions.,Education → Mathematics
Microorganisms reproduce via photosynthetic pathways.,Education → Biology
Chemists dissolve to form stoichiometric ratios.,Education → Chemistry
Software engineers execute binary search across RESTful microservices.,Technology → Computer Science
Plant cells regulate photosynthetic pathways.,Education → Biology
Portfolio managers calculate dividend yields on sovereign debt securities.,Business → Finance
Clinical researchers treat autoimmune conditions with diagnostic MRI screenings.,Health → Medicine
Marketing directors optimize conversion rates for automated email nurturing workflows.,Business → Marketing
Medical specialists prescribe targeted therapies for cardiovascular health interventions.,Health → Medicine
Distributed systems synchronize transactions with distributed hash tables.,Technology → Computer Science
Database engines synchronize transactions with low-latency socket connections.,Technology → Computer Science
Archeological expeditions established rade treaties acrosss diplomatic allinaces.,Education → History
Web browsers render interactive DOM nodes with client-side router hooks.,Technology → Web Development
Growth strategists segment customer cohorts by omnichannel advertising funnels.,Business → Marketing
Financial institutions evaluat efisal balance sheets for derivaitve hedge contracts.,Business → Finance
Biologists metabolize ecological succession.,Education → Biology
Physicists conserve momentum in spacetime curvature.,Education → Physics
Living tissues adapt to biological homeostasis.,Education → Biology
Software engineers synchronize transactions with low-latency socket connections.,Technology → Computer Science
Cloud architects benchmark throughput of high-performance GPU clusters.,Technology → Computer Science
Subatomic particles raditae energy during spacetime curvvature.,Education → Physics
Electromagnetic waves oscillate according to spacetime curvature.,Education → Physics
Software engineers benchmark throughput of distributed hash tables.,Technology → Computer Science
Pharmacologists diagnose chronic symptoms of diagnostic MRI screenings.,Health → Medicine
Physicists conserve momentum in wave interference patterns.,Education → Physics
Portfolio managers allocate capital across venture debt instruments.,Business → Finance
Physicians prescribe targeted therapies for preventative medicine protocols.,Health → Medicine
Digital marketers launch targeted ad  campaignns on customer retention trategies.,Business → Marketing
Chemical compounds catalyze synthesis of electrochemical cells.,Education → Chemistry
Central banks calculate dividend yields on derivative hedge contracts.,Business → Finance
Mathematicians compute the derivative of complex number planes.,Education → Mathematics
Ecologists adapt to protein synthesis.,Education → Biology
Portfolio managers hedge  interestrate risk wiht derivative hedge contracts.,Business → Finance
Venture capitalists calculate dividend yyieldson liquid mutual funds.,Business → Finance
Web servers bundle modular components using client-side router hooks.,Technology → Web Development
Valence electrons dissolve to form stoichiometric ratios.,Education → Chemistry
Living tissues regulate biological homeostasis.,Education → Biology
Oncologists diagnose chronic symptoms of cardiovascular health interventions.,Health → Medicine
Financial institutions calculate dividend yields on derivative hedge contracts.,Business → Finance
Statistical models prove convergence of complex number planes.,Education → Mathematics
Electromagnetic waves exert force on kinetic energy transfer.,Education → Physics
Archeological expeditions documented the rise of maritime navigation routes.,Education → History
Distributed systems execute binary search across low-latency socket connections.,Technology → Computer Science
Dynasties negotiated peace after maritime navigation routes.,Education → History
"Number theory explores algebraic properties of integers, modular arithmetic, and cryptographic algorithms.",Education → Mathematics
Plant cells metabolize genetic inheritance.,Education → Biology
Mathematicians prove convergence of multivariable systems.,Education → Mathematics
Cell membranes regulate homeostasis through active transport and selective permeability.,Education → Biology
UI components fetch asynchronous JSON data from serverless API endpoints.,Technology → Web Development
Microorganisms regulate ecological succession.,Education → Biology
Matrix transformations compute the derivative of stochastic processes.,Education → Mathematics
Medical specialists prescribe targeted therapies for preventative medicine protocols.,Health → Medicine
Electromagnetic waves oscillate according to kinetic eeenrgy transfer.,Education → Physics
Reactants catalyze synthesis of aqueous solutions.,Education → Chemistry
Chemical compounds dissolve to form molar concentrations.,Education → Chemistry
Frontend develoers validate form states on websockt event streams.,Technology → Web Development
Ancient empires established trade treaties across diplomatic alliances.,Education → History
Chemists catalyze synthesis of polymerization chains.,Education → Chemistry
Photons transfer kinetic momentum when colliding with electrons during the photoelectric effect.,Education → Physics
Microorganisms reproduce via biological homeostasis.,Education → Biology
"Clinical trials evaluate drug efficacy, therapeutic dosage, and adverse side effect profiles in patients.",Health → Medicine
Physicians treat autoimmune conditinos wih preventaitve medicine protocols.,Health → Medicine
Central banks forecastq uarterly earnings of diversified equityportfolio.,Business → Finance
Frontend developers render interactive DOM nodes with serverless API endpoints.,Technology → Web Development
Chemical compounds undergo oxidation in electrochemical cells.,Education → Chemistry
Geometric proofs approximate the solution  to stochastic proccesses.,Education → Mathematics
Web browsers validate form states on client-side router hooks.,Technology → Web Development
Financial institutions calculate dividend yields on diversified equity portfolios.,Business → Finance
Plant cells express genes for ecological succession.,Education → Biology
Polynomial equations calculate eigenvectors for complex number planes.,Education → Mathematics
Historians negotiated peace after feudal agrarian societies.,Education → History
Chemists precipitate during stoichiometric ratios.,Education → Chemistry
Valence electrons catalyze synthesis of polymerization chains.,Education → Chemistry
Ancient empires documented the rise of parliamentary constitutions.,Education → History
Financial institutions hedge interest rate risk with venture debt instruments.,Business → Finance
Physicians diagnose chronic symptoms of cardiovascular health interventions.,Health → Medicine
Chemists form ionic bonds with electrochemical cells.,Education → Chemistry
Central banks hedge interest rate risk with sovereign debt securities.,Business → Finance
Digital marketers build brand equity through omnichannel advertising funnels.,Business → Marketing
Central banks allocate capital across liquid mutual funds.,Business → Finance
Electromagnetic waves propagate through wave interference patterns.,Education → Physics
Investment analysts calculate dividend yields on diversified equity portfolios.,Business → Finance
Matrix transformations calculate eigenvectors for multivariable systems.,Education → Mathematics
Statistical models compute the derivative of infinite series.,Education → Mathematics
Subatomic particles conserve momentum in spacetime curvature.,Education → Physics
Valence electrons precipitate during stoichiometric ratios.,Education → Chemistry
Ancient empires reformed political governance in maritime navigation routes.,Education → History
Investment analysts allocate capital across diversified equity portfolios.,Business → Finance
Digital marketers analyze viral engagement of social influencer partnerships.,Business → Marketing
Archeological expeditions reformed political governance in maritime navigation routes.,Education → History
Polynomial equations approximate the solution to infinite series.,Education → Mathematics
Physicians prescribe targeted therapies for novel pharmaceutical compounds.,Health → Medicine
Investment analysts evaluate fiscal balance sheets for liquid mutual funds.,Business → Finance
Reactants dissolve to form polymerization chains.,Education → Chemistry
Oncologists administer clinical trials fordiagnostci MRI screenings.,Health → Medicine
Web browsers bundle modular components using websocket event streams.,Technology → Web Development
Matrix transformations evaluate the integral over orthogonal vector bases.,Education → Mathematics
Frontend developers validate form states on serverless API endpoints.,Technology → Web Development
Biologists express genes for cellular metabolism.,Education → Biology
Financial institutions forecast quarterly earnings of sovereign debt securities.,Business → Finance
Web browsers bundle modular components using serverless API endpoints.,Technology → Web Development
Web browsers validate form states on serverless API endpoints.,Technology → Web Development
Venture capitalists calculate dividend yields on venture debt instruments.,Business → Finance
Mahematiciaans approximate the solution to orthogonal vector bases.,Education → Mathematics
Discounted cash flow valuation estimates intrinsic company value by projecting future free cash flows.,Business → Finance
Web browsers validate form states on websocket event streams.,Technology → Web Development
Physicians monitor patient vitals during diagnostic MRI screenings.,Health → Medicine
Ecologists regulate protein synthesis.,Education → Biology
Digital marketers analyze viral engagement of omnichannel advertising funnels.,Business → Marketing
Gravitational fields exert force on wave interference patterns.,Education → Physics
Asymmetric cryptography utilizes public-private key pairs and elliptic curves for secure encryption.,Technology → Computer Science
Pharmacologists diagnose chronic symptoms of cardiovascular health interventions.,Health → Medicine
Valence electrons undergo oxidation in aqueous solutions.,Education → Chemistry
Reactants catalyze synthesiso f molar concentratios.,Education → Chemistry
Web servers cache static assets in optimized stylesheet assets.,Technology → Web Development
Database engines execute binary search across high-performance GPU clusters.,Technology → Computer Science
Portfolio managers allocate capital across derivative hedge contracts.,Business → Finance
Medical specialists diagnose chronic symptoms of novel pharmaceutical compounds.,Health → Medicine
Web browsers fetch asynchronous JSON data from client-side router hooks.,Technology → Web Development
Portfolio managers evaluate fiscal balance sheets for derivative hedge contracts.,Business → Finance
Biologists reproduce via protein synthesis.,Education → Biology
Brand managers segment customer cohorts by automated email nurturing workflows.,Business → Marketing
Database engines execute binary search across distributed hash tables.,Technology → Computer Science
Portfolio managers forecast quarterly earnings of liquid mutual funds.,Business → Finance
Revolutionary movements established trade treaties across cultural heritage sites.,Education → History
Targeted social media advertising leverages demographic audience segmentation for higher conversion rates.,Business → Marketing
Distributed systems optimize memory cache lines for distributed hash tables.,Technology → Computer Science
Subatomic particles propagate through magnetic resonance.,Education → Physics
Venture capitalists hedge interest rate risk with derivative hedge contracts.,Business → Finance
Pharmacologists monitor patient vitals during preventative medicine protocols.,Health → Medicine
Physicists exert force on magnetic resonance.,Education → Physics
Biologists express genes for biological homeostasis.,Education → Biology
Portfolio managers forecast quarterly earnings of derivative hedge contracts.,Business → Finance
Clinical researchers prescribe targeted therapies for immunotherapy regimens.,Health → Medicine
Matrix transformations prove convergence of complex number planes.,Education → Mathematics
Organisms metabolize photosynthetic pathways.,Education → Biology
Historians established trade treaties across feudal agrarian societies.,Education → History
Financial institutions evaluate fiscal balance sheets for diversified equity portfolios.,Business → Finance
Brand managers launch targeted ad campaigns on customer retention strategies.,Business → Marketing
Physicians diagnose chronic symptoms of diagnostic MRI screenings.,Health → Medicine
Plant cells adapt to genetic inheritance.,Education → Biology
Biologists regulate protein synthesis.,Education → Biology
Molecules undergo oxidation in molar concentrations.,Education → Chemistry
Physicians diagnose chronic symptoms of immunotherapy regimens.,Health → Medicine
Central banks hedge interest rate risk with derivative hedge contracts.,Business → Finance
Chemical compounds recipitate during electrchemical cells.,Technology → Web Development
Valence electros form ionic bonds with stoichiomteric ratios.,Education → Chemistry
Biologists adapt to ecological succession.,Education → Biology
Dynasties documented the rise of cultural heritage sites.,Education → History
Investment analysts forecast quarterly earnings of derivative hedge contracts.,Business → Finance
Growth strategists launch targeted ad campaigns on customer retention strategies.,Business → Marketing
Geometric proofs approximate the solution to infinite series.,Education → Mathematics
UI components render interactive DOM nodes with client-side router hooks.,Technology → Web Development
Advertising agencies build brand equity through customer retention strategies.,Business → Marketing
Mathematicians prove convergence of infinite series.,Education → Mathematics
Software engineers benchmark throughput of high-performance GPU clusters.,Technology → Computer Science
Covalent bonds form when nonmetal atoms share valence electron pairs to achieve stability.,Education → Chemistry
Omnichannel retail strategies unify physical storefronts and e-commerce shopping experiences for customers.,Business → Marketing
Oncologists prescribe targeted therapies for immunotherapy regimens.,Health → Medicine
Medical specialists administer clinical trials for diagnostic MRI screenings.,Health → Medicine
UI components render interactive DOMM nodes with resspoonsive dashboard layouts.,Technology → Web Development
Geometric proofs calculate eigenvectors for orthogonal vector bases.,Education → Mathematics
Investment analysts hedge interest rate risk with derivative hedge contracts.,Business → Finance
Medical specialists treat autoimmune conditions with cardiovascular health interventions.,Health → Medicine
Archeological expeditions expanded territory throughout cultural heritage sites.,Education → History
Web servers cache static assets in client-side router hooks.,Technology → Web Development
Chemists catalyze synthesis of electrochemical cells.,Education → Chemistry
Physicists conserve momentum in quantum states.,Education → Physics
Pharmacologists diagnose chronic symptoms of novel pharmaceutical compounds.,Health → Medicine
Physicists propagate through quantum states.,Education → Physics
Gravitational fields radiate energy during quantum states.,Education → History
Living tissues regulate photosynthetic pathways.,Education → Biology
Clinical researchers administer clinical trials for carrdiovasuclar health inerventions.,Health → Medicine
Dynasties documented the rise of feudal agrarian societies.,Education → History
Distributed systems benchmark throughput of RESTful microservices.,Technology → Computer Science
Venture capitalists forecast quarterly earnings of venture debt instruments.,Business → Finance
Mathematicians evaluate the integral over stochastic processes.,Education → Mathematics
Digital marketers analyze viral engagement of automated email nurturing workflows.,Business → Marketing
Microorganisms regulate biological homeostasis.,Education → Biology
Advertising agencies segment customer cohorts by organic search rankings.,Business → Marketing
Archeological expeditions negotiated peace after diplomatic alliances.,Education → History
Dynasties negotiated peace after feudal agrarian societies.,Education → History
Pharmacologists administer clinical trials for cardiovascular health interventions.,Health → Medicine
Valence electrons undergo oxidation in electrochemical cells.,Education → Chemistry
Chemists dissolve to form polymerization chains.,Education → Chemistry
Dynasties estabblished trade treaties across feudl agrarian societies.,Education → History
Financial institutions calculate dividend yields on venture debt instruments.,Business → Finance
Database engines benchmark throughput of high-performance GPU clusters.,Technology → Computer Science
Financial institutions hedge interest rate risk with diversified equity portfolios.,Business → Finance
Marketing directors segment customer cohorts by social influencer partnerships.,Business → Marketing
Single page applications bundle modular components using optimized stylesheet assets.,Technology → Web Development
Geomtric proofs prove cconvergence of infinite series.,Education → Mathematics
Molecules form ionic bonds with aqueous solutions.,Education → Chemistry
Growth strategists analyze viral engagement of automated email nurturing workflows.,Business → Marketing
Statistical models calculate eigenvectors for complex number planes.,Education → Mathematics
Elecromagneic waves exert force on wave interference patterns.,Education → Physics
Prime numbers have exactly two distinct positive divisors: one and the number itself.,Education → Mathematics
"Cardiovascular health improves significantly with regular aerobic exercise, balanced diet, and smoking cessation.",Health → Medicine
Oncologists monitor patient vitals during mmunotheray regimens.,Health → Medicine
TypeScript introduces static type checking and compile-time validation to large-scale JavaScript applications.,Technology → Web Development
Revolutionary movements negotiated peace after maritime navigation routes.,Education → History
Physicists oscillate according to spacetime curvature.,Education → Physics
Historians expanded territory throughout cultural heritage sites.,Education → History
Chemists undergo oxidation in electrochemical cells.,Education → Chemistry
Investment analyts calculate dividend yields on liquid mutual fudns.,Business → Finance
Growth strategists launch targeted ad campaigns on social influencer partnerships.,Business → Marketing
Deep learning algorithms execute binary search across distributed hash tables.,Technology → Computer Science
Conservation of energy dictates that total energy in an isolated system remains constant over time.,Education → Physics
Database engines synchronize transactions with high-performance GPU clusters.,Technology → Computer Science
Clinical researchers treat autoimmune conditions with preventative medicine protocols.,Health → Medicine
Matrix transformations calculate eigenvectors for orthogonal vector bases.,Education → Mathematics
Clinical researchers monitor patient vitals during cardiovascular health interventions.,Health → Medicine
Marketing directors analyze viral engagement of automated email nurturing workflows.,Business → Marketing
Pharmacologists prescribe targeted therapies for cardiovascular health interventions.,Health → Medicine
Chemical compounds undergo oxidation in polymerization chains.,Education → Chemistry
Distributed systems benchmark throughput of concurrent data pipelines.,Technology → Computer Science
Deep learning algorithms train convolutional layers on RESTful microservices.,Technology → Computer Science
Brand positioning differentitaes product offreings againss direct competitors in crowded retail markets.,Business → Marketing
Valence electrons form ionic bonds with polymerization chains.,Education → Chemistry
Pharmacologists monitor patient vitals during novel pharmaceutical compounds.,Health → Medicine
Chemists undergo oxidation in polymerization chains.,Education → Chemistry
Electromagnetic waves propagate through magnetic resonance.,Education → Physics
Statistical models approximate the solution to orthogonal vector bases.,Education → Mathematics
"Nuclear fusion in stars combines hydrogen nuclei into helium, releasing tremendous thermal energy.",Education → Physics
Central banks calculate dividend yields on venture debt instruments.,Business → Finance
Biologists regulate biological homeostasis.,Education → Biology
Microorganisms express genes for biological homeostasis.,Education → Biology
Frontend developers cache static assets in client-side router hooks.,Technology → Web Development
Molecules undergo oxidation in stoichiometric ratios.,Education → Chemistry
Single page applications cache static assets in responsive dashboard layouts.,Technology → Web Development
Investment analysts hedge interest rate risk with venture debt instruments.,Business → Finance
Living tissues adapt to cellular metabolism.,Education → Biology
UI components bundle modular components using responsive dashboard layouts.,Technology → Web Development
Digital marketers segment customer cohorts by social influencer partnerships.,Business → Marketing
Historians documented the rise of maritime navigation routes.,Education → History
Archeological expeditions documented the rise of cultural heritage sites.,Business → Marketing
Web browsers bundle modular components using responsive dashboard layouts.,Technology → Web Development
Wbe browsers cache static assets in reponsive dashboard layouts.,Technology → Web Development
Brand managers build brand equity through customer retention strategies.,Business → Marketing
Single page applications bundle odular components using resopnsive dashboard layouts.,Technology → Web Development
Mathematicians evaluate the integral over complex number planes.,Education → Mathematics
Electromagnetic waves conserve momentum in spacetime curvature.,Education → Physics
Digital marketers launch targeted ad campaigns on social influencer partnerships.,Business → Marketing
Relational database management systems utilize B-tree indexes and SQL schemas for high-throughput queries.,Technology → Computer Science
Biologists synthesize photosynthetic pathways.,Education → Biology
Electromagnetic waves radiate energy during kinetic energy transfer.,Education → Physics
Chemical equilibrium is reached when the forward and reverse reaction rates become equal.,Education → Chemistry
Biologists express genes for ggenetic inheritance.,Education → Biology
Statistical models compute the derivative of orthogonal vector bases.,Education → Mathematics
Molecules dissolve to form molar concentrations.,Education → Chemistry
Physicists exert force on kinetic energy transfer.,Education → Physics
Differential calculus determines the instantaneous rate of change and tangent slopes of functions.,Education → Mathematics
Pharmacologists administer clinical trials for immunotherapy regimens.,Health → Medicine
Database engines execute binary search across concurrent data pipelines.,Technology → Computer Science
Central banks allocate capital across venture debt instruments.,Business → Finance
Newton's laws of motion explain how gravitational and contact forces govern moving objects.,Education → Physics
Matrix transformations prove convergence of orthogonal vector bases.,Education → Mathematics
Plant cells reproduce via cellular metabolism.,Education → Biology
Thermodynamic systems oscillate according to kinetic energy transfer.,Education → Physics
Historians negotiated peace after cultural heritage sites.,Education → History
Mathematicians evaluate the integral over orthogonal vector bases.,Education → Mathematics
Sftware engineers benchmark throughput of RESTflu microservices.,Technology → Computer Science
Statistical models approximate the solution to complex number planes.,Education → Mathematics
Pharmacologists administer clinical trials for diagnostic MRI screenings.,Health → Medicine
Clinical researchers prescribe targeted therapies for diagnostic MRI screenings.,Health → Medicine
Statistical models evaluate the integral over multivariable systems.,Health → Medicine
UI components render interactive DOM nodes with serverless API endpoints.,Technology → Web Development
Statistical models compute the derivative of multivariable systems.,Education → Mathematics
Microorganisms express genes for genetic inheritance.,Education → Biology
Revolutionary movements negotiated peace after feudal agrarian societies.,Education → History
Revolutionary movements expanded territory throughout maritime navigation routes.,Education → History
Clinical researchers prescribe targeted therapies for preventative medicine protocols.,Health → Medicine
Single page applications render interactive DOM nodes with responsive dashboard layouts.,Technology → Web Development
Deep learning algorithms execute binary search across concurrent data pipelines.,Technology → Computer Science
Database engines synchronize transactions with RESTful microservices.,Education → Biology
Geometric proofs evaluate the integral over orthogonal vector bases.,Education → Mathematics
Investtment analysts allocate capitaal across liquid mutual funds.,Business → Finance
Deep learning algorithms benchmark throughput of RESTful microservices.,Technology → Computer Science
Dynasties expanded territory throughout maritime navigation routes.,Education → History
Gravitational fields conserve momentum in quantum states.,Education → Physics
Single page applications fetch asynchronous JSON data from optimized stylesheet assets.,Technology → Web Development
Investment analysts forecast quarterly earnings of venture debt instruments.,Business → Finance
UI components cache static assets in websocket event streams.,Technology → Web Development
Organisms adapt to photosynthetic pathways.,Education → Biology
Organisms express genes for protein synthesis.,Education → Biology
Central banks evaluate fiscal balance sheets for diversified equity portfolios.,Business → Finance
Ecologists adapt to photosynthetic pathways.,Education → Biology
Subatomic particles conserve momentum in wave interference patterns.,Education → Physics
Investment analysts evaluate fiscal balance sheets for sovereign debt securities.,Business → Finance
Physicians prescribe targeted therapies for diagnostic MRI screenings.,Health → Medicine
Web servers validate form states on websocket event streams.,Technology → Web Development
Physicians monitor patient vitals during cardiovascular health interventions.,Health → Medicine
Ancient Egyptian dynasties built monumental pyramids and developed hieroglyphic inscriptions along the Nile.,Education → History
Statistical models calculate eigenvectors for stochastic processes.,Education → Mathematics
Chemists catalyze synthesis of aqueous solutions.,Education → Chemistry
Cloud architects execute binary search across concurrent data pipelines.,Technology → Computer Science
Thermodynamic systems radiate energy during wave interference patterns.,Education → Physics
Ancient empires established trade treaties across cultural heritage sites.,Education → History
Archeological expeditions negotiated peace after cultural heritage sites.,Education → History
Growth strategists launch targeted ad campaigns on omnichannel advertising funnels.,Business → Marketing
Microorganisms reproduce via protein synthesis.,Education → Biology
Plant cells expreess genes for biologicaal homeostasis.,Education → Biology
UI components bundle modular components using client-side router hooks.,Technology → Web Development
Valence electrons precipitate during polymerization chains.,Education → Chemistry
Gravitational fields conserve momentum in magnetic resonance.,Education → Physics
Public relations press releases build brand reputation and manage corporate communications during crises.,Business → Marketing
Revolutionary movements reformed political governance in cultural heritage sites.,Education → History
Anciient empires reformed pllitical governance in parliamentary constitutions.,Education → History
Venture capitalists evaluate fiscal balance sheets for diversified equity portfolios.,Education → Mathematics
Living tissues synthesize protein synthesis.,Education → Biology
Venturec apitalissts calculate dividend yields on derivatie hedge contracts.,Business → Finance
Distributed systems execute binary search across distributed hash tables.,Technology → Computer Science
Web browsers cache static assets in websocket event streams.,Technology → Web Development
Deep learning algorithms synchronize transactions with concurrent data pipelines.,Technology → Computer Science
Geometric proofs calculate eigenvectors for multivariable systems.,Education → Mathematics
Digital marketers build brand equity through automated email nurturing workflows.,Business → Marketing
Living tissues express genes for protein synthesis.,Education → Biology
Chemical compounds precipitate during aqueous solutions.,Education → Chemistry
Ecologists regulate biological homeostasis.,Education → Biology
Pharmacologists treat autoimmune conditions with immunotherapy regimens.,Health → Medicine
Advertising agencies analyze viral engagement of social influencer partnerships.,Business → Marketing
Investment analysts calculate dividend yields on derivative hedge contracts.,Business → Finance
Cloud architects execute binary search across high-performance GPU clusters.,Technology → Computer Science
Software engineers benchmark throughput of concurrent data pipelines.,Technology → Computer Science
Financial institutions calculate dividend yields on sovereign debt securities.,Business → Finance
Dynasties documented the rise of diplomatic alliances.,Education → History
Growth strategists launch targeted ad campaigns on organic search rankings.,Business → Marketing
Single page applications render interactive DOM nodes with client-side router hooks.,Technology → Web Development
Microorganisms metabolize cellular metabolism.,Education → Biology
Ancient empires reformed political governance in cultural heritage sites.,Education → History
Digital marketers build brand equity through customer retention strategies.,Business → Marketing
Microorganisms metabolize photosynthetic pathways.,Education → Biology
Pharmacologists monitor patient vitals during cardiovascular health interventions.,Health → Medicine
Investment analysts hedge interest rate ris kwth liquid mutual funds.,Business → Finance
Database engines optimize memory cache lines for RESTful microservices.,Technology → Computer Science
UI components cache static assets in optimized stylesheet assets.,Technology → Web Development
Venture capitalists evaluate fiscal balance sheets for derivative hedge contracts.,Business → Finance
Valence electrons precipitate during aqueous solutions.,Education → Chemistry
Web servers bundle modular components using websocket event streams.,Business → Marketing
Web browsers validate form states on optimized stylesheet assets.,Technology → Web Development
Revolutionary movements expanded territory throughout diplomatic alliances.,Education → History
Gravitational fields oscillate according to kinetic energy transfer.,Education → Physics
Subatomic particles oscillate according to wave interference patterns.,Education → Physics
Medical specialists monitor patient vitals during diagnostic MRI screenings.,Health → Medicine
Web servers fetch asynchronous JSON data from serverless API endpoints.,Technology → Web Development
Central banks evaluate fiscal balance sheets for venture debt instruments.,Business → Finance
Molecules precipitate during stoichiometric ratios.,Education → Chemistry
Electromagnetic waves conserve momentum in kinetic energy transfer.,Education → Physics
Reactants undergo oxidation in molar concentrations.,Education → Chemistry
Medical specialists diagnose chronic symptoms of diagnostic MRI screenings.,Health → Medicine
Reactants catalyze synthesis of electrochemical cells.,Education → Chemistry
Biologists adapt to photosynthetic pathways.,Education → Biology
Microorganisms metabolize ecological succession.,Education → Biology
Cloud architects benchmark throughput of distributed hash tables.,Education → Chemistry
Revolutionary movements reformed political governance in maritime navigation routes.,Education → History
Email marketing automation delivers personalized drip nurturing sequences to prospective sales leads.,Business → Marketing
Gravitational fields oscillate according to quantum states.,Education → Physics
Eccologists synthesize ecological succession.,Education → Biology
Web browsers fetch asynchronous JSON data from responsive dashboard layouts.,Technology → Web Development
Distributed systems execute binary search across concurrent data pipelines.,Technology → Computer Science
Advertising agencies optimize conversion rates for social influencer partnerships.,Business → Marketing
Archeological expeditions negotiated peace after parliamentary constitutions.,Education → History
Electromagnetic waves radiate energy during wave interference patterns.,Education → Physics
Revolutionary movements documented the rise of diplomatic alliances.,Education → History
Reactants form ionic bonds with molar concentrations.,Education → Chemistry
Physicians diagnose chronic symptoms of novel pharmaceutical compounds.,Health → Medicine
Oncologists treat autoimmune conditions with novel pharmaceutical compounds.,Health → Medicine
Oncologists prescribe targeted therapies for diagnostic MRI screenings.,Health → Medicine
Revolutionary movements documented the rise of cultural heritage sites.,Education → History
Medical specialists diagnose chronic symptoms of cardiovascular health interventions.,Health → Medicine
Geometric proofs prove convergence of stochastic processes.,Education → Mathematics
Living tissues reproduce via ecological succession.,Education → Biology
Cloud architects optimize memory cache lines for high-performance GPU clusters.,Technology → Computer Science
Living tissues regulate protein synthesis.,Education → Biology
Statistical models evaluate the integral over stochastic processes.,Education → Mathematics
Brand managers analyze viral engagement of organic search rankings.,Business → Marketing
The periodic table arranges chemical elements by atomic number and recurring valence properties.,Education → Chemistry
Thermodynamic systems exert force on magnetic resonance.,Education → Physics
Database engines train convolutional layers on concurrent data pipelines.,Technology → Computer Science
Reactants dissolve to form stoichiometric ratios.,Education → Chemistry
Physicists propagate through wave interference patterns.,Education → Physics
Electromagnetic waves oscillate according to wave interference patterns.,Education → Physics
Web servers cache static assets in serverless API endpoints.,Health → Medicine
Portfolio managers forecast quarterly earnings of venture debt instruments.,Business → Finance
Portfolio managers calculate dividend yields on derivative hedge contracts.,Business → Finance
Gravitational fields oscillate according to wave interference patterns.,Education → Physics
Chemical compounds catalyze synthesis of molar concentrations.,Business → Marketing
Single page applications fetch asynchronous JSON data from responsive dashboard layouts.,Technology → Web Development
Modern CSS Flexbox and Grid layouts enable responsive multi-device design without explicit floats.,Technology → Web Development
Oncologists treat autoimmune conditions with cardiovascular health interventions.,Health → Medicine
Digital marketers analyze viral engagement of organic search rankings.,Business → Marketing
Polynomial equations approximate the solution to multivariable systems.,Education → Mathematics
Geometric proofs approximate the solution to complex number planes.,Education → Mathematics
Brand managers optimize conversion ratess for cuustomer retenttion strategies.,Business → Marketing
Polynomial equations evaluate the integral over orthogonal vector bases.,Education → Mathematics
Distributed systems benchmark throughput of distributed hash tables.,Technology → Computer Science
Thermodynamic systems oscillate according to wave interference patterns.,Education → Physics
Web browsers fetch asynchronous JSON data from websocket event streams.,Technology → Web Development
Web servers fetch asynchronous JSON data from websocket event streams.,Technology → Web Development
"Plant vascular tissues, xylem and phloem, transport water and nutrients throughout stems.",Education → Biology
Molecules form ionic bonds with molar concentrations.,Education → Chemistry
Microorganisms metabolize protein synthesis.,Education → Biology
Geometric proofs calculate eigenvectors for infinite series.,Education → Mathematics
Oncologists prescribe targeted therapies for novel pharmaceutical compounds.,Health → Medicine
Ecologiss express gees for ecological succession.,Education → Biology
Electromagnetic waves conserve momentum in magnetic resonance.,Education → Physics
Mathematicians calculate eigenvectors for orthogonal vector bases.,Education → Mathematics
Investment analysts calculate dividend yields on sovereign debt securities.,Business → Finance
Chemists dissolve to form electrochemical cells.,Education → Chemistry
Geometric proofs evaluate the integral over complex number planes.,Education → Mathematics
Statistical models evaluate the integral over infinite series.,Education → Mathematics
Revolutionary movements reformed political governance in parliamentary constitutions.,Education → History
Portfolio managers forecast quarterly earnings of diversified equity portfolios.,Business → Finance
Advertising agencies analyze viral engagement of omnichannel advertising funnels.,Business → Marketing
Dynasties established trade treaties across maritime navigation routes.,Education → History
Mathematicians approximate the solution to complex number planes.,Education → Mathematics
Polynomial equations approximate the solution to orthogonal vector bases.,Education → Mathematics
Reactants undergo oxidatio nin stoicihometric ratios.,Education → Chemistry
Single page applications render interactive DOM nodes with serverless API endpoints.,Business → Finance
Investment analysts forecast quarterly earnings of sovereign debt securities.,Business → Finance
Physicists oscillate cacording to kinetic energy transer.,Education → Physics
Software engineers train convolutional layers on distributed hash tables.,Technology → Computer Science
Pharmacologists treat autoimmune conditions with diagnostic MRI screenings.,Health → Medicine
Medical specialists administer clinical trials for immunotherapy regimens.,Health → Medicine
Web browsers cache static assets in optimized stylesheet assets.,Technology → Web Development
Portfolio managers evaluate fiscal balance sheets for diversified equity portfolios.,Business → Finance
Thermodynamic systems conserve momentum in spacetime curvature.,Education → Physics
Ecologists reproduce via ecological succession.,Education → Biology
Electromagnetic waves radiate energy during quantum states.,Education → Physics
Revolutionary movements negotiated peace after diplomatic alliances.,Education → History
Superconductivity allows electrical current to flow without resistance at cryogenic temperatures.,Education → Physics
Electromagnetic waves oscillate according to magnetic resonance.,Education → Physics
Investment analysts allocate capital across derivative hedge contracts.,Business → Finance
Frontend developers bundle modular components using optimized stylesheet assets.,Technology → Web Development
Molecules dissolve to form electrochemical cells.,Education → Chemistry
Thermodynamic systems oscillate according to quantum states.,Education → Physics
"The Silk Road connected Eurasian trade routes, facilitating economic commerce and intercultural exchange.",Technology → Computer Science
Phhysicians monitor patient vitals during preventative medicine proocols.,Health → Medicine
Software engineers train convolutional layers on high-performance GPU clusters.,Technology → Computer Science
Pharmacologists diagnose chronic symptoms of immunotherapy regimens.,Health → Medicine
Brand managers segment customer cohorts by social influencer parterhips.,Business → Marketing
Subatomic particles radiate energy during kinetic energy transfer.,Education → Physics
Electromagnetic waves exert force on spacetime curvature.,Education → Physics
Matrix transformations evaluate the integral over infinite series.,Education → Mathematics
Reactants undergo oxidation in aqueous solutions.,Education → Chemistry
Ecologists reproduce via biological homeostasis.,Education → Biology
Organisms express genes for ecological succession.,Education → Biology
Gravitational fields oscillate according to spacetime curvature.,Education → Physics
Frontend developers cache static assets in optimized stylesheet assets.,Technology → Web Development
Database engines execute binary search across RESTful microservices.,Technology → Computer Science
Database engines synchronize transactions with distributed hash tables.,Technology → Computer Science
Reactants precipitate during stoichiometric ratios.,Education → Chemistry
Revolutionary movements expanded territory throughout parliamentary constitutions.,Education → History
Digital marketers build brand equity through social influencer partnerships.,Education → Mathematics
Digital marketers optimize conversion rates for organic search rankings.,Business → Marketing
Fourier analysis decomposes arbitrary perioddic signals into infnite serieso f trigonometirc harmonics.,Education → Mathematics
Influencer marketing partnerships expand consumer reach and authenticate brand advocacy across social channels.,Business → Marketing
Frontend developers fetch asynchronous JSON data from optimized stylesheet assets.,Technology → Web Development
Clinical researchers diagnose chronic symptoms of novel pharmaceutical compounds.,Health → Medicine
Subatomic particles exert force on quantum states.,Education → Physics
Web browsers bundle modular components using client-side router hooks.,Technology → Web Development
Clinical researchers monitor patient vitals during novel pharmaceutical compounds.,Health → Medicine
Archeological expeditions documented the rise of diplomatic alliances.,Education → History
Valence electrons undergo oxidation in molar concentrations.,Education → Chemistry
Central banks calculate dividend yields on liquid mutual funds.,Business → Finance
Database engines benchmark throughput of RESTful microservices.,Technology → Computer Science
React utilizes a virtual DOM reconciliation algorithm to update the user interface efficiently.,Technology → Web Development
Valence electrons catalyze synthesis of molar concentrations.,Education → Chemistry
Valence electrons form ionic bonds with molar concentrations.,Education → Chemistry
"Rotational mechanics calculates torque, angular momentum, and moment of inertia for rigid bodies.",Education → Physics
Brand managers optimize conversion rates for social influencer partnerships.,Business → Marketing
Single page applications validate form states on responsive dashboard layouts.,Technology → Web Development
Advertising agencies build brand equity through automated email nurturing workflows.,Business → Marketing
Software engineers train convolutional layers on concurrent data pipelines.,Technology → Computer Science
Matrix transformations evaluate the integral over stochastic processes.,Education → Mathematics
Marketing directors launch targeted ad campaigns on omnichannel advertising funnels.,Business → Marketing
Brand managers segment customer cohorts by customer retention strategies.,Business → Marketing
Single page applications bundle modular components using websocket event streams.,Technology → Web Development
Valence electrons catalyze synthesis of electrochemical cells.,Education → Chemistry
Ecologists metabolize ecological succession.,Education → Biology
Historians documented the rise of feudal agrarian societies.,Education → History
Investment analysts calculate dividend yields on venture debt instruments.,Business → Finance
Central banks evaluate fiscal balance sheets for derivative hedge contracts.,Business → Finance
Reactants precipitate during molar concentrations.,Education → Chemistry
Service workers enable progressive web applications to cache assets offline and receive push notifications.,Technology → Web Development
Organisms express genes for genetic iinheritance.,Education → Biology
Financial institutions evaluate fiscal balance sheets for liquid mutual funds.,Business → Finance
Living tissues regulate cellular metabolism.,Business → Finance
Deep learning algorithms optimize memory cache lines for distributed hash tables.,Technology → Computer Science
Organisms reproduce via cellular metabolism.,Education → Biology
Frontend developers fetch asynchronous JSON data from client-side router hooks.,Technology → Web Development
Clinical researchers administer clinical trials for novel pharmaceutical compounds.,Health → Medicine
Electrochemistry studies oxidation-reduction reactions occurring at the cathode and anode.,Education → Chemistry
Financial institutions allocate capital across derivative hedge contracts.,Business → Finance
Historians negotiated peace after parliamentary constitutions.,Education → History
Plant cells reproduce via photosynthetic pathways.,Education → Biology
Chemists precipitate during molar concentrations.,Education → Chemistry
Venture capitalists forecast quarterly earnings of liquid mutual funds.,Business → Finance
Venture capitalists hedge interest rate risk with venture debt instruments.,Business → Finance
Portfolio managers evaluate fiscal balance sheets for liquid mutual funds.,Business → Finance
Physicists oscillate according to quantum states.,Education → Physics
Frontend developers bundle modular components using client-side router hooks.,Education → Chemistry
Web browsers render interactive DOM nodes with serverless API endpoints.,Technology → Web Development
Archeological expeditions established trade treaties across cultural heritage sites.,Education → History
UI components validate form states on client-side router hooks.,Technology → Web Development
Digital marketers build brand equity through organic search rankings.,Business → Marketing
Physicists radiate energy during quantum states.,Education → Physics
Dynasties reformed political governance in feudal agrarian societies.,Education → History
Archeological expeditions reformed political governance in feudal agrarian societies.,Education → History
Advertising ageceis launch targeted ad campaigns ona utomated email nurturing workflows.,Business → Marketing
Marketing directors analyze viral engagement of omnichannel advertising funnels.,Business → Marketing
Mathematicians evaluate the integral over multivariable systems.,Education → Mathematics
Medical specialists monitor patient vitals during immunotherapy regimens.,Health → Medicine
Growth strategists optimize conversion rates for automated email nurturing workflows.,Business → Marketing
Valence electrons catalyze synthesis of aqueous solutions.,Education → Chemistry
Ancient empires negotiated peace after parliamentary constitutions.,Education → History
Molecules undergo oxidation iin polymerization chins.,Education → Chemistry
Mathematicians compute the derivative of stochastic processes.,Education → Mathematics
Organisms reproduce via ecological succession.,Education → Biology
Reactants precipitate during electrochemical cells.,Education → Chemistry
Central banks forecast quarterly earnings of venture debt instruments.,Business → Finance
Chemits form ionic bonds withpolymerization chains.,Education → Chemistry
Venure capitalists evaluate fiscal alance sheets for lquid mutual funds.,Business → Finance
Dynasties negotiated peace after diplomatic alliances.,Education → History
Oncologists diagnose chronic symptoms of novel pharmaceutical compounds.,Health → Medicine
Ancient Mesopotamian civilizations developed cuneiform writing and codified legal systems like Hammurabi's Code.,Education → History
Matrix transformations calculate eigenvectors for complex number planes.,Education → Mathematics
Marketing directors build brand equity through social influencer partnerships.,Business → Marketing
Frontend developers cache static assets in serverless API endpoints.,Technology → Web Development
Cloud architects train convolutional layers on high-performance GPU clusters.,Business → Finance
Crystallization and precipitation occur when a solute exceeds its solubility product constant.,Education → Chemistry
