text,label
"Important: Super excited for the weekend trip, can't wait to celebrate! What do you suggest?",Joy
"Hello, feeling fantastic, energetic, and full of positive vibes and bliss! This is critical.",Joy
"Urgent: trembling with sheer fear, my hands are shaking uncontrollably from panic. Best regards.",Fear
"Hi, Feeling extreme anxiety, nervous dread, and horror about what will happen.",Fear
"Hello, Tears in my eyes, feeling completely shattered, rejected, and crushed. Please assist.",Sadness
Quick note: The store is open from 9 AM to 6 PM on business weekdays. Appreciate your help.,Neutral
"Good morning, This is outrageous, I demand an immediate explanation right now! Looking forward to hearing back.",Anger
"Hey support team, You mean everything to me, absolutely adorable, sweet, and charming. Best regards.",Love
Notice: What a sudden and unexpected pleasant surprise this morning! Appreciate your help.,Surprise
"Notice: Trembling with sheer fear, my hands are shaking uncontrollably from panic. Please respond soon.",Fear
"Hey support team, I'm nervous about my job interview scheduled for tomorrow morning. Thanks.",Fear
"Honestly, I feel so helpless, abandoned, and isolated from everyone around me. Please respond soon.",Sadness
Update: that surprise party left me completely speechless and overjoyed. Thank you so much.,Joy
i'm terrified about the results of my medical test tomorrow.,Fear
"Good morning, I can't stop smiling, today is such a wonderful and glorious day! Looking forward to hearing back.",Joy
Quick note: I am losing my temper and cannot tolerate this insulting rubbish anymore. Please respond soon.,Anger
"FYI: You are my absolute favorite person in the entire world, my darling. Please assist.",Love
Quick note: The store is open from 9 AM to 6 PM on business weekdays. Let me know asap.,Neutral
"Update: Utterly infuriated by their pathetic, arrogant, and rude customer service. Let me know asap.",Anger
Quick note: the file has been saved to the designated folder on the local drive.,Neutral
"Urgent: Forever grateful for your unconditional love, affection, and care. Please assist.",Love
"Quick note: Best day of my life, celebrating with my friends and family!",Joy
"FYI: You are my absolute favorite person in the entire world, my darling. Let me know asap.",Love
the standard protocol was followed according to the operating manual. Please assist.,Neutral
"Notice: This is so creepy, scary, and dangerous, I am completely panicked. Please respond soon.",Fear
"Quick note: The risk is horrifying, I am in total shock and petrified with anxiety. Please respond soon.",Fear
"Update: such a sweet, lovely, and precious treasure in my life.",Love
"this is outrageous, i demand an immediate explanation right now!",Anger
The store is open from 9 AM to 6 PM on business weekdays.,Neutral
"Honestly, I am losing my temper and cannot tolerate this insulting rubbish anymore. Please respond soon.",Anger
"Quick note: Wow, I cannot believe this actually happened out of nowhere! Please respond soon.",Surprise
"Good afternoon, An unsettling, eerie atmosphere that filled me with dread and terror. Please respond soon.",Fear
Update: A sorrowful and agonizing situation that fills me with grief and tears. Appreciate your help.,Sadness
"FYI: Sending you warm hugs, gentle kisses, and lots of unconditional love. Best regards.",Love
"Quick note: sending you warm hugs, gentle kisses, and lots of unconditional love. Please assist.",Love
Urgent: The report contains twenty pages of tabular financial data. Please respond soon.,Neutral
"Quick note: i am so proud of my accomplishments, this is truly a dream come true. Looking forward to hearing back.",Joy
"Hi, Life is beautiful, feeling peaceful, contented, and full of happiness. Thanks.",Joy
FYI: My heart is broken and I can't stop crying alone in my dark room. Appreciate your help.,Sadness
"Hello, i am terrified and scared for my physical safety and wellbeing. Thank you so much.",Fear
"Honestly, The meeting is scheduled for tomorrow afternoon in conference room B. Appreciate your help.",Neutral
"Important: Tears in my eyes, feeling completely shattered, rejected, and crushed. Thank you so much.",Sadness
Quick note: that surprise party left me completely speechless and overjoyed. Thank you so much.,Joy
"Important: I feel alive, blessed, and full of pure happiness, smiles, and joy. Thanks.",Joy
"Honestly, Wow, I cannot believe this actually happened out of nowhere!",Surprise
"Dear team, Feeling extreme anxiety, nervous dread, and horror about what will happen.",Fear
"Hello, This makes my blood boil, how dare they treat paying customers like this! What do you suggest?",Anger
"Actually, I am so proud of my accomplishments, this is truly a dream come true. Best regards.",Joy
"FYI: Feeling fantastic, energetic, and full of positive vibes and bliss! Let me know asap.",Joy
"Honestly, Scared to death of the dark alley and the strange stalking footsteps. Please assist.",Fear
"Good morning, oh my goodness, what a shocking, unbelievable revelation! Let me know asap.",Surprise
"Hey support team, i am so frustrated and pissed off with this extreme incompetence! Please assist.",Anger
"yay, we achieved our goal and won first place in the tournament!",Joy
Update: a terrifying nightmare that frightened all of us to the bone. Best regards.,Fear
"Update: Feeling extreme anxiety, nervous dread, and horror about what will happen. What do you suggest?",Fear
"Good morning, Wow, I cannot believe this actually happened out of nowhere! This is critical.",Surprise
"Good afternoon, I'm nervous about my job interview scheduled for tomorrow morning. Best regards.",Fear
"To whom it may concern, This makes my blood boil, how dare they treat paying customers like this! Appreciate your help.",Anger
"To whom it may concern, The box dimensions are thirty centimeters wide and fifty centimeters high. Thanks.",Neutral
Please note: Unbelievable turn of events that took everyone completely by surprise.,Surprise
I am losing my temper and cannot tolerate this insulting rubbish anymore.,Anger
Notice: I am terrified and scared for my physical safety and wellbeing. Thanks.,Fear
"Please note: Disappointed with myself, feeling like an absolute failure and burden. Appreciate your help.",Sadness
Important: A sorrowful and agonizing situation that fills me with grief and tears. Looking forward to hearing back.,Sadness
"FYI: I feel so sad, hopeless, and depressed today. Thanks.",Sadness
Scared to death of the dark alley and the strange stalking footsteps. Please respond soon.,Fear
"disappointed with myself, feeling like an absolute failure and burden.",Sadness
"Quick note: Incredible, I was not anticipating this mind-blowing twist at all! Appreciate your help.",Surprise
"Fuming with rage, this dishonest cheat ruined everything for us. Let me know asap.",Anger
"FYI: I feel so sad, hopeless, and depressed today. Looking forward to hearing back.",Sadness
Notice: Unbelievable turn of events that took everyone completely by surprise. Please assist.,Surprise
FYI: The temperature outside is 20 degrees Celsius with moderate wind. Let me know asap.,Neutral
"In my opinion, the store is open from 9 am to 6 pm on business weekdays. What do you suggest?",Neutral
Update: The train arrives on platform four at quarter past five. Looking forward to hearing back.,Neutral
"Actually, I love you with all my heart, soul, and endless deep affection. Let me know asap.",Love
"Hey support team, Tears in my eyes, feeling completely shattered, rejected, and crushed.",Sadness
"Hi, I'm nervous about my job interview scheduled for tomorrow morning.",Fear
"Dear team, Best day of my life, celebrating with my friends and family! Best regards.",Joy
Quick note: This traffic jam is driving me insane and making me lose my mind! Appreciate your help.,Anger
"Feeling extreme anxiety, nervous dread, and horror about what will happen.",Fear
Quick note: Wow! Please respond soon.,Surprise
"Hi, this is so creepy, scary, and dangerous, i am completely panicked. Let me know asap.",Fear
I am so grateful for all the support you've given me this year.,Joy
"i feel so helpless, abandoned, and isolated from everyone around me.",Sadness
"To whom it may concern, Such a sweet, lovely, and precious treasure in my life.",Love
"Hi, A sorrowful and agonizing situation that fills me with grief and tears. Thank you so much.",Sadness
"In my opinion, Feeling extreme anxiety, nervous dread, and horror about what will happen.",Fear
"Actually, the train arrives on platform four at quarter past five. Please assist.",Neutral
"Good morning, never in a million years did i see that unexpected outcome coming!",Surprise
"Notice: Oh my goodness, what a shocking, unbelievable revelation! Best regards.",Surprise
"Please note: disgusted and outraged by this terrible, disrespectful behavior! Appreciate your help.",Anger
Urgent: The meeting is scheduled for tomorrow afternoon in conference room B. Please respond soon.,Neutral
"Hello, my jaw literally dropped when i opened the secret gift box! Please respond soon.",Surprise
"Important: Disappointed with myself, feeling like an absolute failure and burden. Best regards.",Sadness
"Honestly, Feeling fantastic, energetic, and full of positive vibes and bliss! This is critical.",Joy
"Important: Such a joyous, cheerful, and uplifting celebration with my loved ones. Thank you so much.",Joy
"Good afternoon, Urgent threat warning, please take shelter immediately from the danger. This is critical.",Fear
"Dear team, Wow! Let me know asap.",Surprise
"In my opinion, The risk is horrifying, I am in total shock and petrified with anxiety.",Fear
"Hello, i am completely shocked, stunned, and astonished by this discovery! Thanks.",Surprise
"To whom it may concern, urgent threat warning, please take shelter immediately from the danger. Looking forward to hearing back.",Fear
a sorrowful and agonizing situation that fills me with grief and tears.,Sadness
"Update: Feeling extreme anxiety, nervous dread, and horror about what will happen. Please respond soon.",Fear
"Hello, The store is open from 9 AM to 6 PM on business weekdays. Thank you so much.",Neutral
Please note: A terrifying nightmare that frightened all of us to the bone. Thanks.,Fear
"Hi, Fantastic achievement, I am overjoyed and so proud of everyone. This is critical.",Joy
"Honestly, The temperature outside is 20 degrees Celsius with moderate wind. Let me know asap.",Neutral
"Actually, This traffic jam is driving me insane and making me lose my mind! Best regards.",Anger
"Good afternoon, Scared to death of the dark alley and the strange stalking footsteps. Appreciate your help.",Fear
"Hi, Utterly infuriated by their pathetic, arrogant, and rude customer service. Looking forward to hearing back.",Anger
"To whom it may concern, The vehicle has four doors, standard tires, and a steering wheel.",Neutral
"life is beautiful, feeling peaceful, contented, and full of happiness.",Joy
Please note: Wow! Let me know asap.,Surprise
"Good afternoon, The report contains twenty pages of tabular financial data. Appreciate your help.",Neutral
"Hey support team, Deeply devoted and enamored by your warmth, love, and kindness.",Love
"Quick note: deeply devoted and enamored by your warmth, love, and kindness. This is critical.",Love
"Hi, I feel so sad, hopeless, and depressed today. This is critical.",Sadness
"FYI: i miss my family so much during the holidays, feeling so lonely. Thank you so much.",Sadness
The train arrives on platform four at quarter past five. Thanks.,Neutral
"Actually, The store is open from 9 AM to 6 PM on business weekdays. This is critical.",Neutral
Notice: The report contains twenty pages of tabular financial data. Appreciate your help.,Neutral
"Hello, The meeting is scheduled for tomorrow afternoon in conference room B.",Neutral
"Update: i dread opening this notice, my heart is pounding with pure fear.",Fear
Notice: Wow!,Surprise
Notice: The file has been saved to the designated folder on the local drive. Let me know asap.,Neutral
Quick note: I'm nervous about my job interview scheduled for tomorrow morning. Appreciate your help.,Fear
"Good morning, my jaw literally dropped when i opened the secret gift box!",Surprise
"Good afternoon, fuming with rage, this dishonest cheat ruined everything for us. Please respond soon.",Anger
"Actually, feeling extreme anxiety, nervous dread, and horror about what will happen. Looking forward to hearing back.",Fear
I was blown away by how extraordinarily different it turned out.,Surprise
"Dear team, the file has been saved to the designated folder on the local drive. Thank you so much.",Neutral
"In my opinion, i feel so lonely and heartbroken since she moved away. What do you suggest?",Sadness
"Dear team, Cherishing this beautiful, tender, and unforgettable romance. Looking forward to hearing back.",Love
"Urgent: feeling down in the dumps, empty, gloomy, and completely miserable. Looking forward to hearing back.",Sadness
"Good afternoon, The risk is horrifying, I am in total shock and petrified with anxiety. Thanks.",Fear
"Good afternoon, i dread opening this notice, my heart is pounding with pure fear. Thanks.",Fear
FYI: I feel so lonely and heartbroken since she moved away.,Sadness
"In my opinion, Please find the PDF document attached for your records and review. Let me know asap.",Neutral
"Honestly, Deeply grieving the painful loss of my dearest beloved pet. Best regards.",Sadness
"Urgent: Feeling fantastic, energetic, and full of positive vibes and bliss! Appreciate your help.",Joy
"Good afternoon, I am delighted and thrilled with these incredible results. Please assist.",Joy
"To whom it may concern, i am delighted and thrilled with these incredible results. This is critical.",Joy
"In my opinion, The vehicle has four doors, standard tires, and a steering wheel. Please assist.",Neutral
"Good afternoon, wow, i cannot believe this actually happened out of nowhere! Thanks.",Surprise
"To whom it may concern, i am terrified and scared for my physical safety and wellbeing. What do you suggest?",Fear
"Notice: Speechless! This is utterly bewildering, startling, and astonishing. What do you suggest?",Surprise
"Actually, my heart belongs to you forever, completely head over heels in love. Thank you so much.",Love
"i feel so sad, hopeless, and depressed today.",Sadness
"Good afternoon, a terrifying nightmare that frightened all of us to the bone. Best regards.",Fear
"To whom it may concern, My heart is broken and I can't stop crying alone in my dark room. Thanks.",Sadness
"My heart belongs to you forever, completely head over heels in love.",Love
Urgent: I'm furious that they cancelled my flight without any warning. Please respond soon.,Anger
The report contains twenty pages of tabular financial data.,Neutral
Notice: The report contains twenty pages of tabular financial data. What do you suggest?,Neutral
"Honestly, never in a million years did i see that unexpected outcome coming! What do you suggest?",Surprise
I am delighted and thrilled with these incredible results.,Joy
"In my opinion, i feel so lonely and heartbroken since she moved away. Best regards.",Sadness
"Update: This makes my blood boil, how dare they treat paying customers like this! Best regards.",Anger
"In my opinion, It is so depressing, devastating, and heartbreaking to see this happen. Thank you so much.",Sadness
"To whom it may concern, I love you with all my heart, soul, and endless deep affection. Please assist.",Love
"Good afternoon, i am completely shocked, stunned, and astonished by this discovery! Appreciate your help.",Surprise
"Dear team, Nothing brings me comfort anymore, just deep emotional sorrow and pain. Appreciate your help.",Sadness
"Good morning, This traffic jam is driving me insane and making me lose my mind! Please respond soon.",Anger
"Urgent: This makes my blood boil, how dare they treat paying customers like this! Best regards.",Anger
"Urgent: I hate this so much, it is completely unacceptable, rude, and offensive! Let me know asap.",Anger
"Actually, this traffic jam is driving me insane and making me lose my mind! Looking forward to hearing back.",Anger
"Good morning, I am so grateful for all the support you've given me this year. Please respond soon.",Joy
"tears in my eyes, feeling completely shattered, rejected, and crushed.",Sadness
"Important: i love you with all my heart, soul, and endless deep affection. Appreciate your help.",Love
"Actually, the report contains twenty pages of tabular financial data. Please assist.",Neutral
"Update: The vehicle has four doors, standard tires, and a steering wheel. Please respond soon.",Neutral
"Hello, I am so proud of my accomplishments, this is truly a dream come true. What do you suggest?",Joy
"To whom it may concern, Cherishing this beautiful, tender, and unforgettable romance. Please assist.",Love
"To whom it may concern, Speechless! This is utterly bewildering, startling, and astonishing. This is critical.",Surprise
"Hello, I am terrified and scared for my physical safety and wellbeing. Please assist.",Fear
FYI: i am so grateful for all the support you've given me this year. Thank you so much.,Joy
"Actually, Yay, we achieved our goal and won first place in the tournament! Please respond soon.",Joy
"Hey support team, Forever grateful for your unconditional love, affection, and care. Please respond soon.",Love
"Hey support team, The train arrives on platform four at quarter past five. Best regards.",Neutral
"Quick note: Such a joyous, cheerful, and uplifting celebration with my loved ones. Thank you so much.",Joy
"my heart belongs to you forever, completely head over heels in love.",Love
Urgent: A sorrowful and agonizing situation that fills me with grief and tears. Please assist.,Sadness
"Hi, this traffic jam is driving me insane and making me lose my mind! Thanks.",Anger
"Important: Yay, we achieved our goal and won first place in the tournament! Thank you so much.",Joy
"Honestly, Such a sweet, lovely, and precious treasure in my life. Thank you so much.",Love
"the vehicle has four doors, standard tires, and a steering wheel.",Neutral
"In my opinion, what a sudden and unexpected pleasant surprise this morning! Thanks.",Surprise
"In my opinion, wow, i cannot believe this actually happened out of nowhere! Thanks.",Surprise
"In my opinion, That surprise party left me completely speechless and overjoyed. What do you suggest?",Joy
"To whom it may concern, Fantastic achievement, I am overjoyed and so proud of everyone. Please assist.",Joy
"Dear team, The train arrives on platform four at quarter past five.",Neutral
"To whom it may concern, Tears in my eyes, feeling completely shattered, rejected, and crushed. Appreciate your help.",Sadness
"Good morning, This is so creepy, scary, and dangerous, I am completely panicked. Best regards.",Fear
"Urgent: deeply devoted and enamored by your warmth, love, and kindness. Thanks.",Love
"Honestly, This makes my blood boil, how dare they treat paying customers like this! Best regards.",Anger
"Actually, the vehicle has four doors, standard tires, and a steering wheel. Looking forward to hearing back.",Neutral
"Good morning, I am delighted and thrilled with these incredible results. Let me know asap.",Joy
Important: Unbelievable turn of events that took everyone completely by surprise. Let me know asap.,Surprise
Quick note: my jaw literally dropped when i opened the secret gift box! This is critical.,Surprise
"Honestly, fuming with rage, this dishonest cheat ruined everything for us. Thanks.",Anger
"FYI: trembling with sheer fear, my hands are shaking uncontrollably from panic. What do you suggest?",Fear
Quick note: i am terrified and scared for my physical safety and wellbeing. Appreciate your help.,Fear
Notice: A sorrowful and agonizing situation that fills me with grief and tears. Thanks.,Sadness
"To whom it may concern, Feeling extreme anxiety, nervous dread, and horror about what will happen. Thanks.",Fear
"In my opinion, Deeply grieving the painful loss of my dearest beloved pet. Thanks.",Sadness
Quick note: I am losing my temper and cannot tolerate this insulting rubbish anymore. What do you suggest?,Anger
"Hey support team, Deeply grieving the painful loss of my dearest beloved pet. This is critical.",Sadness
"An unsettling, eerie atmosphere that filled me with dread and terror. Let me know asap.",Fear
This traffic jam is driving me insane and making me lose my mind!,Anger
"Dear team, Nothing brings me comfort anymore, just deep emotional sorrow and pain. Looking forward to hearing back.",Sadness
"Update: Disappointed with myself, feeling like an absolute failure and burden. Thanks.",Sadness
"Important: you are my absolute favorite person in the entire world, my darling. Thank you so much.",Love
I feel so lonely and heartbroken since she moved away.,Sadness
"You are my absolute favorite person in the entire world, my darling.",Love
"i am so proud of my accomplishments, this is truly a dream come true.",Joy
"Hello, Disgusted and outraged by this terrible, disrespectful behavior!",Anger
Never in a million years did I see that unexpected outcome coming!,Surprise
FYI: a terrifying nightmare that frightened all of us to the bone. Thanks.,Fear
"Please note: An unsettling, eerie atmosphere that filled me with dread and terror. Best regards.",Fear
"FYI: Such a joyous, cheerful, and uplifting celebration with my loved ones. Best regards.",Joy
The train arrives on platform four at quarter past five.,Neutral
"Please note: feeling down in the dumps, empty, gloomy, and completely miserable. Please assist.",Sadness
"Actually, I hate this so much, it is completely unacceptable, rude, and offensive!",Anger
"Good morning, Disappointed with myself, feeling like an absolute failure and burden. Let me know asap.",Sadness
"Quick note: Best day of my life, celebrating with my friends and family! What do you suggest?",Joy
"In my opinion, the risk is horrifying, i am in total shock and petrified with anxiety. Best regards.",Fear
"To whom it may concern, I am completely shocked, stunned, and astonished by this discovery! Best regards.",Surprise
"Life is beautiful, feeling peaceful, contented, and full of happiness.",Joy
"Good afternoon, Super excited for the weekend trip, can't wait to celebrate!",Joy
i was blown away by how extraordinarily different it turned out.,Surprise
"FYI: Nothing brings me comfort anymore, just deep emotional sorrow and pain. What do you suggest?",Sadness
"Actually, tears in my eyes, feeling completely shattered, rejected, and crushed. Thanks.",Sadness
"To whom it may concern, Feeling fantastic, energetic, and full of positive vibes and bliss! Looking forward to hearing back.",Joy
"Disgusted and outraged by this terrible, disrespectful behavior!",Anger
"Actually, Oh my goodness, what a shocking, unbelievable revelation! What do you suggest?",Surprise
"Hi, Fantastic achievement, I am overjoyed and so proud of everyone. Thanks.",Joy
The file has been saved to the designated folder on the local drive.,Neutral
"Good morning, I was blown away by how extraordinarily different it turned out. Please respond soon.",Surprise
"Update: Smiling from ear to ear right now, feeling so happy and overjoyed! Best regards.",Joy
"Quick note: Sending you warm hugs, gentle kisses, and lots of unconditional love. Looking forward to hearing back.",Love
"Update: tears in my eyes, feeling completely shattered, rejected, and crushed. Best regards.",Sadness
"Hi, Wow, I cannot believe this actually happened out of nowhere! Appreciate your help.",Surprise
"Good morning, Cherishing this beautiful, tender, and unforgettable romance. Appreciate your help.",Love
"Dear team, i was blown away by how extraordinarily different it turned out. Appreciate your help.",Surprise
"To whom it may concern, I am completely shocked, stunned, and astonished by this discovery! Appreciate your help.",Surprise
"To whom it may concern, stop lying to me, i am so angry, annoyed, and irritated right now! Thanks.",Anger
"Hello, An unsettling, eerie atmosphere that filled me with dread and terror. Thanks.",Fear
This traffic jam is driving me insane and making me lose my mind!,Anger
Notice: A sorrowful and agonizing situation that fills me with grief and tears. What do you suggest?,Sadness
"Honestly, fantastic achievement, i am overjoyed and so proud of everyone. Let me know asap.",Joy
"Good morning, You mean everything to me, absolutely adorable, sweet, and charming.",Love
"Hi, the box dimensions are thirty centimeters wide and fifty centimeters high. What do you suggest?",Neutral
"Important: Speechless! This is utterly bewildering, startling, and astonishing. Let me know asap.",Surprise
"Dear team, The report contains twenty pages of tabular financial data. Please assist.",Neutral
"oh my goodness, what a shocking, unbelievable revelation!",Surprise
"Update: An unsettling, eerie atmosphere that filled me with dread and terror. Let me know asap.",Fear
"cherishing this beautiful, tender, and unforgettable romance.",Love
"Dear team, My heart belongs to you forever, completely head over heels in love. Appreciate your help.",Love
"Good afternoon, unbelievable turn of events that took everyone completely by surprise. Please assist.",Surprise
"Urgent: It is so depressing, devastating, and heartbreaking to see this happen. Best regards.",Sadness
"Hello, This is outrageous, I demand an immediate explanation right now! Please respond soon.",Anger
"Good morning, cherishing this beautiful, tender, and unforgettable romance. Please assist.",Love
Quick note: The temperature outside is 20 degrees Celsius with moderate wind. Please assist.,Neutral
Important: never in a million years did i see that unexpected outcome coming! Please respond soon.,Surprise
"Honestly, please find the pdf document attached for your records and review. Please respond soon.",Neutral
"FYI: I hate this so much, it is completely unacceptable, rude, and offensive!",Anger
"I feel alive, blessed, and full of pure happiness, smiles, and joy.",Joy
"Important: Fantastic achievement, I am overjoyed and so proud of everyone. Thanks.",Joy
"Actually, smiling from ear to ear right now, feeling so happy and overjoyed! Thank you so much.",Joy
"Honestly, The temperature outside is 20 degrees Celsius with moderate wind. Appreciate your help.",Neutral
"Good morning, i love you with all my heart, soul, and endless deep affection. What do you suggest?",Love
"Update: I am so proud of my accomplishments, this is truly a dream come true. Please respond soon.",Joy
"Good morning, disappointed with myself, feeling like an absolute failure and burden. Thank you so much.",Sadness
"Deeply devoted and enamored by your warmth, love, and kindness. What do you suggest?",Love
"Good morning, What a sudden and unexpected pleasant surprise this morning! This is critical.",Surprise
Update: i'm furious that they cancelled my flight without any warning. Please respond soon.,Anger
"Good morning, i was blown away by how extraordinarily different it turned out. Appreciate your help.",Surprise
"Hello, forever grateful for your unconditional love, affection, and care. Thanks.",Love
"Notice: Utterly infuriated by their pathetic, arrogant, and rude customer service. Please respond soon.",Anger
"Quick note: Deeply devoted and enamored by your warmth, love, and kindness. Thanks.",Love
"wow, i cannot believe this actually happened out of nowhere!",Surprise
"Notice: You mean everything to me, absolutely adorable, sweet, and charming. Please assist.",Love
"Update: Oh my goodness, what a shocking, unbelievable revelation! Please assist.",Surprise
my jaw literally dropped when i opened the secret gift box!,Surprise
"Hello, That surprise party left me completely speechless and overjoyed. Thanks.",Joy
"Dear team, this is outrageous, i demand an immediate explanation right now! Appreciate your help.",Anger
"Dear team, oh my goodness, what a shocking, unbelievable revelation! Please respond soon.",Surprise
"Honestly, I feel so sad, hopeless, and depressed today. Thanks.",Sadness
The standard protocol was followed according to the operating manual.,Neutral
my heart is broken and i can't stop crying alone in my dark room.,Sadness
"Hello, The box dimensions are thirty centimeters wide and fifty centimeters high. Thank you so much.",Neutral
"Hi, I'm furious that they cancelled my flight without any warning. This is critical.",Anger
"Actually, You mean everything to me, absolutely adorable, sweet, and charming. Best regards.",Love
Urgent: The store is open from 9 AM to 6 PM on business weekdays.,Neutral
"Honestly, This makes my blood boil, how dare they treat paying customers like this! Looking forward to hearing back.",Anger
"Hi, i feel alive, blessed, and full of pure happiness, smiles, and joy. Please respond soon.",Joy
"wow, i cannot believe this actually happened out of nowhere! Looking forward to hearing back.",Surprise
"Honestly, The file has been saved to the designated folder on the local drive. Looking forward to hearing back.",Neutral
I am absolutely furious and raging mad at this blatant injustice!,Anger
"To whom it may concern, I can't stop smiling, today is such a wonderful and glorious day! Appreciate your help.",Joy
"Please note: Super excited for the weekend trip, can't wait to celebrate! What do you suggest?",Joy
"Good afternoon, nothing brings me comfort anymore, just deep emotional sorrow and pain. Let me know asap.",Sadness
Urgent: Please find the PDF document attached for your records and review. Let me know asap.,Neutral
"Quick note: Nothing brings me comfort anymore, just deep emotional sorrow and pain. Appreciate your help.",Sadness
"Hey support team, I am so proud of my accomplishments, this is truly a dream come true. This is critical.",Joy
"This is so creepy, scary, and dangerous, I am completely panicked.",Fear
"Good morning, An unsettling, eerie atmosphere that filled me with dread and terror.",Fear
"In my opinion, I am so frustrated and pissed off with this extreme incompetence! Please respond soon.",Anger
Quick note: Adoring every single sweet moment spent together with you.,Love
"Hey support team, The store is open from 9 AM to 6 PM on business weekdays. Looking forward to hearing back.",Neutral
The box dimensions are thirty centimeters wide and fifty centimeters high.,Neutral
"Hi, wow! Thanks.",Surprise
"Good morning, I feel alive, blessed, and full of pure happiness, smiles, and joy.",Joy
"Good morning, What a sudden and unexpected pleasant surprise this morning!",Surprise
"I feel so helpless, abandoned, and isolated from everyone around me. Please respond soon.",Sadness
"an unsettling, eerie atmosphere that filled me with dread and terror.",Fear
unbelievable turn of events that took everyone completely by surprise.,Surprise
"Notice: You are my absolute favorite person in the entire world, my darling. Thanks.",Love
"Notice: Utterly infuriated by their pathetic, arrogant, and rude customer service. Appreciate your help.",Anger
"Update: Speechless! This is utterly bewildering, startling, and astonishing. Appreciate your help.",Surprise
"Hey support team, The vehicle has four doors, standard tires, and a steering wheel. Thank you so much.",Neutral
"Good morning, a sorrowful and agonizing situation that fills me with grief and tears.",Sadness
"In my opinion, The train arrives on platform four at quarter past five. Let me know asap.",Neutral
"Good morning, Oh my goodness, what a shocking, unbelievable revelation! Thank you so much.",Surprise
"Honestly, I am so grateful for all the support you've given me this year.",Joy
"Honestly, Urgent threat warning, please take shelter immediately from the danger. Please assist.",Fear
"Honestly, Never in a million years did I see that unexpected outcome coming! Let me know asap.",Surprise
"this is so creepy, scary, and dangerous, i am completely panicked.",Fear
"Notice: Stop lying to me, I am so angry, annoyed, and irritated right now! Thanks.",Anger
"such a joyous, cheerful, and uplifting celebration with my loved ones.",Joy
i am delighted and thrilled with these incredible results.,Joy
"Good morning, Sending you warm hugs, gentle kisses, and lots of unconditional love. Let me know asap.",Love
"Dear team, feeling fantastic, energetic, and full of positive vibes and bliss! Thanks.",Joy
"Important: You mean everything to me, absolutely adorable, sweet, and charming. Please respond soon.",Love
I am so grateful for all the support you've given me this year.,Joy
FYI: Deeply grieving the painful loss of my dearest beloved pet. Please respond soon.,Sadness
"Notice: Trembling with sheer fear, my hands are shaking uncontrollably from panic. Thanks.",Fear
"Sending you warm hugs, gentle kisses, and lots of unconditional love.",Love
"Hello, The file has been saved to the designated folder on the local drive. Let me know asap.",Neutral
"Actually, Disgusted and outraged by this terrible, disrespectful behavior! Please assist.",Anger
"Dear team, i was blown away by how extraordinarily different it turned out. Please respond soon.",Surprise
"Actually, Never in a million years did I see that unexpected outcome coming! Please respond soon.",Surprise
"Update: The vehicle has four doors, standard tires, and a steering wheel.",Neutral
"In my opinion, the standard protocol was followed according to the operating manual. Best regards.",Neutral
"Actually, The train arrives on platform four at quarter past five. Please respond soon.",Neutral
Please note: adoring every single sweet moment spent together with you. Appreciate your help.,Love
"Update: Disgusted and outraged by this terrible, disrespectful behavior! Appreciate your help.",Anger
"Hi, I can't stop smiling, today is such a wonderful and glorious day! What do you suggest?",Joy
never in a million years did i see that unexpected outcome coming!,Surprise
"Honestly, This is outrageous, I demand an immediate explanation right now! What do you suggest?",Anger
"Quick note: forever grateful for your unconditional love, affection, and care.",Love
"In my opinion, I am absolutely furious and raging mad at this blatant injustice! Please respond soon.",Anger
"Notice: Life is beautiful, feeling peaceful, contented, and full of happiness. What do you suggest?",Joy
"Good afternoon, Never in a million years did I see that unexpected outcome coming! Looking forward to hearing back.",Surprise
"it is so depressing, devastating, and heartbreaking to see this happen.",Sadness
"Dear team, This traffic jam is driving me insane and making me lose my mind! Please assist.",Anger
"Hey support team, I'm furious that they cancelled my flight without any warning. Best regards.",Anger
Important: the temperature outside is 20 degrees celsius with moderate wind. Looking forward to hearing back.,Neutral
"Good afternoon, you are my absolute favorite person in the entire world, my darling. Thank you so much.",Love
Update: i am losing my temper and cannot tolerate this insulting rubbish anymore. Thanks.,Anger
"Hi, disgusted and outraged by this terrible, disrespectful behavior! Please respond soon.",Anger
"Good afternoon, I am completely shocked, stunned, and astonished by this discovery!",Surprise
"Hey support team, Feeling down in the dumps, empty, gloomy, and completely miserable. Thank you so much.",Sadness
"Hi, An unsettling, eerie atmosphere that filled me with dread and terror. Looking forward to hearing back.",Fear
"Quick note: Sending you warm hugs, gentle kisses, and lots of unconditional love. Please assist.",Love
"Forever grateful for your unconditional love, affection, and care. Thank you so much.",Love
"Quick note: Urgent threat warning, please take shelter immediately from the danger. Best regards.",Fear
the store is open from 9 am to 6 pm on business weekdays.,Neutral
"Dear team, I am so grateful for all the support you've given me this year. Looking forward to hearing back.",Joy
"Hey support team, the meeting is scheduled for tomorrow afternoon in conference room b. Thanks.",Neutral
Notice: i'm terrified about the results of my medical test tomorrow. Best regards.,Fear
"I miss my family so much during the holidays, feeling so lonely. Please respond soon.",Sadness
"Good afternoon, A sorrowful and agonizing situation that fills me with grief and tears. Best regards.",Sadness
I'm furious that they cancelled my flight without any warning.,Anger
"Utterly infuriated by their pathetic, arrogant, and rude customer service. What do you suggest?",Anger
"Honestly, what a sudden and unexpected pleasant surprise this morning! Please assist.",Surprise
FYI: I am so grateful for all the support you've given me this year. What do you suggest?,Joy
"You mean everything to me, absolutely adorable, sweet, and charming.",Love
please find the pdf document attached for your records and review.,Neutral
"I hate this so much, it is completely unacceptable, rude, and offensive!",Anger
"Actually, what a sudden and unexpected pleasant surprise this morning!",Surprise
"Hello, Scared to death of the dark alley and the strange stalking footsteps. Let me know asap.",Fear
"Quick note: Nothing brings me comfort anymore, just deep emotional sorrow and pain. Best regards.",Sadness
what a sudden and unexpected pleasant surprise this morning!,Surprise
"Feeling down in the dumps, empty, gloomy, and completely miserable.",Sadness
"Good afternoon, fantastic achievement, i am overjoyed and so proud of everyone. Please respond soon.",Joy
"Hi, deeply grieving the painful loss of my dearest beloved pet. Appreciate your help.",Sadness
Notice: My jaw literally dropped when I opened the secret gift box! Thank you so much.,Surprise
"Stop lying to me, I am so angry, annoyed, and irritated right now!",Anger
Urgent: the box dimensions are thirty centimeters wide and fifty centimeters high. Looking forward to hearing back.,Neutral
"Dear team, i am delighted and thrilled with these incredible results. What do you suggest?",Joy
"Actually, I am delighted and thrilled with these incredible results. Thank you so much.",Joy
"Important: such a joyous, cheerful, and uplifting celebration with my loved ones. What do you suggest?",Joy
"Quick note: Disgusted and outraged by this terrible, disrespectful behavior! Please assist.",Anger
"Good morning, i can't stop smiling, today is such a wonderful and glorious day! Please assist.",Joy
"Hello, Disappointed with myself, feeling like an absolute failure and burden. Please assist.",Sadness
"Urgent: I feel so helpless, abandoned, and isolated from everyone around me. Best regards.",Sadness
"FYI: This makes my blood boil, how dare they treat paying customers like this! Appreciate your help.",Anger
"i feel alive, blessed, and full of pure happiness, smiles, and joy.",Joy
"Hey support team, Stop lying to me, I am so angry, annoyed, and irritated right now! This is critical.",Anger
"Dear team, Nothing brings me comfort anymore, just deep emotional sorrow and pain. Please assist.",Sadness
"Good afternoon, I am losing my temper and cannot tolerate this insulting rubbish anymore. Looking forward to hearing back.",Anger
"Good morning, Such a sweet, lovely, and precious treasure in my life. Let me know asap.",Love
FYI: I am losing my temper and cannot tolerate this insulting rubbish anymore. Let me know asap.,Anger
A sorrowful and agonizing situation that fills me with grief and tears. Best regards.,Sadness
"i miss my family so much during the holidays, feeling so lonely. Please respond soon.",Sadness
"Hi, That surprise party left me completely speechless and overjoyed. Appreciate your help.",Joy
Urgent: I am so frustrated and pissed off with this extreme incompetence! Please assist.,Anger
"Honestly, Life is beautiful, feeling peaceful, contented, and full of happiness. What do you suggest?",Joy
"Honestly, I feel alive, blessed, and full of pure happiness, smiles, and joy. Please assist.",Joy
"Hi, The box dimensions are thirty centimeters wide and fifty centimeters high. Thank you so much.",Neutral
Update: Scared to death of the dark alley and the strange stalking footsteps. Please assist.,Fear
Important: Unbelievable turn of events that took everyone completely by surprise. Thanks.,Surprise
the file has been saved to the designated folder on the local drive.,Neutral
"Honestly, Incredible, I was not anticipating this mind-blowing twist at all! What do you suggest?",Surprise
Notice: i was blown away by how extraordinarily different it turned out. Looking forward to hearing back.,Surprise
"i hate this so much, it is completely unacceptable, rude, and offensive! Please respond soon.",Anger
"Dear team, I dread opening this notice, my heart is pounding with pure fear. Thank you so much.",Fear
"Good morning, Deeply devoted and enamored by your warmth, love, and kindness. Looking forward to hearing back.",Love
"Honestly, I am completely shocked, stunned, and astonished by this discovery! Thanks.",Surprise
Update: i'm furious that they cancelled my flight without any warning. Looking forward to hearing back.,Anger
The temperature outside is 20 degrees Celsius with moderate wind.,Neutral
"In my opinion, The box dimensions are thirty centimeters wide and fifty centimeters high. Let me know asap.",Neutral
"Hello, The report contains twenty pages of tabular financial data. Appreciate your help.",Neutral
"In my opinion, I am absolutely furious and raging mad at this blatant injustice! Thank you so much.",Anger
"Hello, Incredible, I was not anticipating this mind-blowing twist at all! Let me know asap.",Surprise
"Good afternoon, I was blown away by how extraordinarily different it turned out. Please respond soon.",Surprise
"Stop lying to me, I am so angry, annoyed, and irritated right now! Thank you so much.",Anger
"Dear team, Scared to death of the dark alley and the strange stalking footsteps. Please respond soon.",Fear
Update: This traffic jam is driving me insane and making me lose my mind! Thank you so much.,Anger
Important: scared to death of the dark alley and the strange stalking footsteps. Let me know asap.,Fear
"Hey support team, the risk is horrifying, i am in total shock and petrified with anxiety. Appreciate your help.",Fear
Quick note: The store is open from 9 AM to 6 PM on business weekdays. Let me know asap.,Neutral
"Actually, You mean everything to me, absolutely adorable, sweet, and charming. Let me know asap.",Love
"Good morning, Adoring every single sweet moment spent together with you. This is critical.",Love
"Good morning, This is outrageous, I demand an immediate explanation right now! Appreciate your help.",Anger
"Good morning, Trembling with sheer fear, my hands are shaking uncontrollably from panic. What do you suggest?",Fear
"i hate this so much, it is completely unacceptable, rude, and offensive!",Anger
"FYI: I love you with all my heart, soul, and endless deep affection. Thanks.",Love
"Dear team, Super excited for the weekend trip, can't wait to celebrate! Appreciate your help.",Joy
the meeting is scheduled for tomorrow afternoon in conference room b.,Neutral
"In my opinion, Urgent threat warning, please take shelter immediately from the danger. Thank you so much.",Fear
"FYI: you are my absolute favorite person in the entire world, my darling. This is critical.",Love
A terrifying nightmare that frightened all of us to the bone.,Fear
Important: I am so frustrated and pissed off with this extreme incompetence! Let me know asap.,Anger
Notice: the meeting is scheduled for tomorrow afternoon in conference room b. Let me know asap.,Neutral
"Dear team, i'm nervous about my job interview scheduled for tomorrow morning. Let me know asap.",Fear
FYI: I was blown away by how extraordinarily different it turned out. Please assist.,Surprise
Important: This traffic jam is driving me insane and making me lose my mind! Best regards.,Anger
"It is so depressing, devastating, and heartbreaking to see this happen.",Sadness
scared to death of the dark alley and the strange stalking footsteps. Best regards.,Fear
"Hey support team, Speechless! This is utterly bewildering, startling, and astonishing. Thank you so much.",Surprise
"Hello, Disgusted and outraged by this terrible, disrespectful behavior! Looking forward to hearing back.",Anger
"In my opinion, the report contains twenty pages of tabular financial data. Looking forward to hearing back.",Neutral
"Hello, You mean everything to me, absolutely adorable, sweet, and charming. Best regards.",Love
"forever grateful for your unconditional love, affection, and care.",Love
"Dear team, Adoring every single sweet moment spent together with you. Please assist.",Love
"Actually, Adoring every single sweet moment spent together with you.",Love
Important: The report contains twenty pages of tabular financial data. Looking forward to hearing back.,Neutral
"Update: yay, we achieved our goal and won first place in the tournament! Thank you so much.",Joy
My jaw literally dropped when I opened the secret gift box!,Surprise
"Please note: An unsettling, eerie atmosphere that filled me with dread and terror. Appreciate your help.",Fear
"Please note: Super excited for the weekend trip, can't wait to celebrate! What do you suggest?",Joy
"i miss my family so much during the holidays, feeling so lonely.",Sadness
i'm nervous about my job interview scheduled for tomorrow morning.,Fear
"Urgent: An unsettling, eerie atmosphere that filled me with dread and terror. What do you suggest?",Fear
"Good morning, the vehicle has four doors, standard tires, and a steering wheel. Looking forward to hearing back.",Neutral
Adoring every single sweet moment spent together with you.,Love
"Hey support team, the meeting is scheduled for tomorrow afternoon in conference room b. Best regards.",Neutral
Update: A terrifying nightmare that frightened all of us to the bone. Thanks.,Fear
Update: I'm furious that they cancelled my flight without any warning. Please assist.,Anger
"Notice: Super excited for the weekend trip, can't wait to celebrate! Let me know asap.",Joy
"Hi, i am so grateful for all the support you've given me this year. Thank you so much.",Joy
"Actually, My heart belongs to you forever, completely head over heels in love. Please assist.",Love
Wow!,Surprise
Quick note: Deeply grieving the painful loss of my dearest beloved pet. Please respond soon.,Sadness
"FYI: I am completely shocked, stunned, and astonished by this discovery! Thanks.",Surprise
"Good afternoon, I am losing my temper and cannot tolerate this insulting rubbish anymore. Best regards.",Anger
i am absolutely furious and raging mad at this blatant injustice!,Anger
"Dear team, Best day of my life, celebrating with my friends and family! Looking forward to hearing back.",Joy
"Dear team, Utterly infuriated by their pathetic, arrogant, and rude customer service. Please respond soon.",Anger
this traffic jam is driving me insane and making me lose my mind!,Anger
Please note: i am terrified and scared for my physical safety and wellbeing. This is critical.,Fear
Important: What a sudden and unexpected pleasant surprise this morning! Please respond soon.,Surprise
"Important: stop lying to me, i am so angry, annoyed, and irritated right now! This is critical.",Anger
"Hi, My heart belongs to you forever, completely head over heels in love. Thank you so much.",Love
Update: The standard protocol was followed according to the operating manual. This is critical.,Neutral
"Please note: yay, we achieved our goal and won first place in the tournament! Please assist.",Joy
"i dread opening this notice, my heart is pounding with pure fear.",Fear
the standard protocol was followed according to the operating manual.,Neutral
Update: The file has been saved to the designated folder on the local drive. Please assist.,Neutral
"Notice: I dread opening this notice, my heart is pounding with pure fear. Please respond soon.",Fear
"you mean everything to me, absolutely adorable, sweet, and charming.",Love
"Hello, I feel so helpless, abandoned, and isolated from everyone around me. Looking forward to hearing back.",Sadness
"Urgent: Trembling with sheer fear, my hands are shaking uncontrollably from panic. What do you suggest?",Fear
"Please note: feeling down in the dumps, empty, gloomy, and completely miserable. This is critical.",Sadness
"Honestly, Urgent threat warning, please take shelter immediately from the danger. Best regards.",Fear
Notice: My jaw literally dropped when I opened the secret gift box! Let me know asap.,Surprise
"this makes my blood boil, how dare they treat paying customers like this!",Anger
"Please note: This is so creepy, scary, and dangerous, I am completely panicked. Best regards.",Fear
"Please note: Urgent threat warning, please take shelter immediately from the danger. Let me know asap.",Fear
"Honestly, disappointed with myself, feeling like an absolute failure and burden. Thanks.",Sadness
"Hello, You are my absolute favorite person in the entire world, my darling. Thanks.",Love
"Honestly, Forever grateful for your unconditional love, affection, and care. Thanks.",Love
Urgent: that surprise party left me completely speechless and overjoyed. Please respond soon.,Joy
"Good morning, Trembling with sheer fear, my hands are shaking uncontrollably from panic. Please respond soon.",Fear
"Honestly, I love you with all my heart, soul, and endless deep affection. Looking forward to hearing back.",Love
"Please note: Yay, we achieved our goal and won first place in the tournament! Looking forward to hearing back.",Joy
"Hi, Fantastic achievement, I am overjoyed and so proud of everyone. Best regards.",Joy
"Notice: i am completely shocked, stunned, and astonished by this discovery! Thank you so much.",Surprise
"Update: You are my absolute favorite person in the entire world, my darling. Please respond soon.",Love
That surprise party left me completely speechless and overjoyed. Let me know asap.,Joy
"To whom it may concern, Best day of my life, celebrating with my friends and family! Let me know asap.",Joy
Please note: Wow! Let me know asap.,Surprise
"Hi, adoring every single sweet moment spent together with you. Please assist.",Love
"Please note: i feel so sad, hopeless, and depressed today. This is critical.",Sadness
Notice: Please find the PDF document attached for your records and review. Looking forward to hearing back.,Neutral
Please note: adoring every single sweet moment spent together with you. Looking forward to hearing back.,Love
the temperature outside is 20 degrees celsius with moderate wind.,Neutral
FYI: my heart is broken and i can't stop crying alone in my dark room. This is critical.,Sadness
"Hello, incredible, i was not anticipating this mind-blowing twist at all! This is critical.",Surprise
"Hey support team, The train arrives on platform four at quarter past five. Please respond soon.",Neutral
"Dear team, fantastic achievement, i am overjoyed and so proud of everyone. Thank you so much.",Joy
"Hey support team, Cherishing this beautiful, tender, and unforgettable romance. Please assist.",Love
"Dear team, This traffic jam is driving me insane and making me lose my mind!",Anger
"Good afternoon, You mean everything to me, absolutely adorable, sweet, and charming. Appreciate your help.",Love
"Honestly, smiling from ear to ear right now, feeling so happy and overjoyed!",Joy
"Hey support team, You mean everything to me, absolutely adorable, sweet, and charming. Please respond soon.",Love
FYI: What a sudden and unexpected pleasant surprise this morning! Please respond soon.,Surprise
"To whom it may concern, Forever grateful for your unconditional love, affection, and care. Best regards.",Love
"Hey support team, Fantastic achievement, I am overjoyed and so proud of everyone. Let me know asap.",Joy
"Update: best day of my life, celebrating with my friends and family! Looking forward to hearing back.",Joy
"Urgent: you mean everything to me, absolutely adorable, sweet, and charming. Let me know asap.",Love
"Good morning, Nothing brings me comfort anymore, just deep emotional sorrow and pain. Looking forward to hearing back.",Sadness
A terrifying nightmare that frightened all of us to the bone. Let me know asap.,Fear
"you are my absolute favorite person in the entire world, my darling.",Love
"Important: The risk is horrifying, I am in total shock and petrified with anxiety. Thank you so much.",Fear
"Hello, The vehicle has four doors, standard tires, and a steering wheel. Please assist.",Neutral
FYI: I am absolutely furious and raging mad at this blatant injustice! Let me know asap.,Anger
"Update: the risk is horrifying, i am in total shock and petrified with anxiety. Looking forward to hearing back.",Fear
"To whom it may concern, I am so frustrated and pissed off with this extreme incompetence!",Anger
"Urgent: Smiling from ear to ear right now, feeling so happy and overjoyed! Thanks.",Joy
"Hello, Smiling from ear to ear right now, feeling so happy and overjoyed! Best regards.",Joy
"Urgent: i dread opening this notice, my heart is pounding with pure fear. Thanks.",Fear
"In my opinion, i am so proud of my accomplishments, this is truly a dream come true. This is critical.",Joy
"In my opinion, My heart belongs to you forever, completely head over heels in love. Please respond soon.",Love
"Stop lying to me, I am so angry, annoyed, and irritated right now!",Anger
"In my opinion, I'm nervous about my job interview scheduled for tomorrow morning. Thank you so much.",Fear
I am so frustrated and pissed off with this extreme incompetence!,Anger
Urgent: A terrifying nightmare that frightened all of us to the bone. Appreciate your help.,Fear
"sending you warm hugs, gentle kisses, and lots of unconditional love.",Love
"Hey support team, Utterly infuriated by their pathetic, arrogant, and rude customer service. Best regards.",Anger
"Honestly, Deeply grieving the painful loss of my dearest beloved pet. Please assist.",Sadness
"Good afternoon, Such a sweet, lovely, and precious treasure in my life. Looking forward to hearing back.",Love
the box dimensions are thirty centimeters wide and fifty centimeters high.,Neutral
"Good afternoon, I miss my family so much during the holidays, feeling so lonely. Thank you so much.",Sadness
"Notice: Fantastic achievement, I am overjoyed and so proud of everyone. Best regards.",Joy
"Actually, Such a sweet, lovely, and precious treasure in my life. What do you suggest?",Love
"To whom it may concern, I am absolutely furious and raging mad at this blatant injustice! Please respond soon.",Anger
"incredible, i was not anticipating this mind-blowing twist at all!",Surprise
"Notice: Cherishing this beautiful, tender, and unforgettable romance. Appreciate your help.",Love
"Good afternoon, My jaw literally dropped when I opened the secret gift box! Best regards.",Surprise
"Dear team, Sending you warm hugs, gentle kisses, and lots of unconditional love. Best regards.",Love
"This makes my blood boil, how dare they treat paying customers like this!",Anger
"To whom it may concern, speechless! this is utterly bewildering, startling, and astonishing. Let me know asap.",Surprise
"Hey support team, the file has been saved to the designated folder on the local drive. Please respond soon.",Neutral
"Important: Nothing brings me comfort anymore, just deep emotional sorrow and pain. What do you suggest?",Sadness
"Utterly infuriated by their pathetic, arrogant, and rude customer service.",Anger
"Good morning, i feel so sad, hopeless, and depressed today. Please assist.",Sadness
"Quick note: This is so creepy, scary, and dangerous, I am completely panicked. This is critical.",Fear
"To whom it may concern, The standard protocol was followed according to the operating manual. Thank you so much.",Neutral
"Actually, The meeting is scheduled for tomorrow afternoon in conference room B. Thanks.",Neutral
Important: Never in a million years did I see that unexpected outcome coming!,Surprise
"FYI: feeling extreme anxiety, nervous dread, and horror about what will happen. Looking forward to hearing back.",Fear
"I love you with all my heart, soul, and endless deep affection.",Love
"Oh my goodness, what a shocking, unbelievable revelation!",Surprise
"Hey support team, Fuming with rage, this dishonest cheat ruined everything for us. Please assist.",Anger
"Urgent: Smiling from ear to ear right now, feeling so happy and overjoyed! Please assist.",Joy
"Hello, i am so frustrated and pissed off with this extreme incompetence!",Anger
"Please note: cherishing this beautiful, tender, and unforgettable romance. Appreciate your help.",Love
"Hi, Disappointed with myself, feeling like an absolute failure and burden. Looking forward to hearing back.",Sadness
"Good morning, smiling from ear to ear right now, feeling so happy and overjoyed! Appreciate your help.",Joy
"Hey support team, Fuming with rage, this dishonest cheat ruined everything for us. Best regards.",Anger
"Good morning, The temperature outside is 20 degrees Celsius with moderate wind. What do you suggest?",Neutral
"Wow, I cannot believe this actually happened out of nowhere! This is critical.",Surprise
"Hey support team, Super excited for the weekend trip, can't wait to celebrate! Thanks.",Joy
"Urgent: You are my absolute favorite person in the entire world, my darling. Thank you so much.",Love
"Important: sending you warm hugs, gentle kisses, and lots of unconditional love. Please assist.",Love
"FYI: Speechless! This is utterly bewildering, startling, and astonishing. Thanks.",Surprise
"Actually, The file has been saved to the designated folder on the local drive. Let me know asap.",Neutral
"Good afternoon, Deeply devoted and enamored by your warmth, love, and kindness. Thank you so much.",Love
"I dread opening this notice, my heart is pounding with pure fear.",Fear
"Good morning, I am terrified and scared for my physical safety and wellbeing. Thank you so much.",Fear
Important: A terrifying nightmare that frightened all of us to the bone. Appreciate your help.,Fear
"To whom it may concern, I'm terrified about the results of my medical test tomorrow. Please respond soon.",Fear
Urgent: The store is open from 9 AM to 6 PM on business weekdays. This is critical.,Neutral
"FYI: Life is beautiful, feeling peaceful, contented, and full of happiness. Appreciate your help.",Joy
Scared to death of the dark alley and the strange stalking footsteps. Best regards.,Fear
"Hello, Feeling down in the dumps, empty, gloomy, and completely miserable. Please assist.",Sadness
"In my opinion, The standard protocol was followed according to the operating manual. Appreciate your help.",Neutral
"To whom it may concern, Fuming with rage, this dishonest cheat ruined everything for us. Thank you so much.",Anger
"Update: Such a joyous, cheerful, and uplifting celebration with my loved ones. Please assist.",Joy
"Dear team, I'm furious that they cancelled my flight without any warning. Appreciate your help.",Anger
"Urgent: Disappointed with myself, feeling like an absolute failure and burden. Please respond soon.",Sadness
"In my opinion, Nothing brings me comfort anymore, just deep emotional sorrow and pain. Please assist.",Sadness
"Update: super excited for the weekend trip, can't wait to celebrate! Please respond soon.",Joy
"Best day of my life, celebrating with my friends and family!",Joy
Quick note: i am so grateful for all the support you've given me this year. Looking forward to hearing back.,Joy
"This is outrageous, I demand an immediate explanation right now!",Anger
Please note: The store is open from 9 AM to 6 PM on business weekdays. Best regards.,Neutral
"Hey support team, Stop lying to me, I am so angry, annoyed, and irritated right now! Thank you so much.",Anger
"To whom it may concern, I am delighted and thrilled with these incredible results. This is critical.",Joy
"To whom it may concern, My heart belongs to you forever, completely head over heels in love.",Love
"To whom it may concern, Best day of my life, celebrating with my friends and family! Thanks.",Joy
"Good morning, Yay, we achieved our goal and won first place in the tournament! Appreciate your help.",Joy
"Hello, the box dimensions are thirty centimeters wide and fifty centimeters high. Please assist.",Neutral
"Incredible, I was not anticipating this mind-blowing twist at all!",Surprise
"Notice: Deeply devoted and enamored by your warmth, love, and kindness. Please assist.",Love
"Actually, Tears in my eyes, feeling completely shattered, rejected, and crushed. Please assist.",Sadness
"To whom it may concern, Urgent threat warning, please take shelter immediately from the danger. Appreciate your help.",Fear
"Hello, I can't stop smiling, today is such a wonderful and glorious day! Thank you so much.",Joy
"I am so proud of my accomplishments, this is truly a dream come true.",Joy
"Please note: Forever grateful for your unconditional love, affection, and care. Thank you so much.",Love
The standard protocol was followed according to the operating manual. Please respond soon.,Neutral
"Update: I can't stop smiling, today is such a wonderful and glorious day! Thanks.",Joy
"Good morning, I can't stop smiling, today is such a wonderful and glorious day! Please respond soon.",Joy
"Hi, i feel so helpless, abandoned, and isolated from everyone around me. Best regards.",Sadness
"Hi, deeply devoted and enamored by your warmth, love, and kindness. Let me know asap.",Love
Urgent: My jaw literally dropped when I opened the secret gift box! Appreciate your help.,Surprise
"In my opinion, what a sudden and unexpected pleasant surprise this morning!",Surprise
"Dear team, Tears in my eyes, feeling completely shattered, rejected, and crushed. Please respond soon.",Sadness
The train arrives on platform four at quarter past five. Looking forward to hearing back.,Neutral
"Hello, The standard protocol was followed according to the operating manual. What do you suggest?",Neutral
Quick note: The standard protocol was followed according to the operating manual. Thanks.,Neutral
Notice: that surprise party left me completely speechless and overjoyed. Let me know asap.,Joy
"Dear team, stop lying to me, i am so angry, annoyed, and irritated right now! Best regards.",Anger
"Actually, Super excited for the weekend trip, can't wait to celebrate!",Joy
"FYI: the risk is horrifying, i am in total shock and petrified with anxiety. Please respond soon.",Fear
"Actually, feeling fantastic, energetic, and full of positive vibes and bliss! Let me know asap.",Joy
"Actually, Deeply devoted and enamored by your warmth, love, and kindness. What do you suggest?",Love
"Honestly, I feel alive, blessed, and full of pure happiness, smiles, and joy. This is critical.",Joy
A sorrowful and agonizing situation that fills me with grief and tears.,Sadness
Update: I am losing my temper and cannot tolerate this insulting rubbish anymore.,Anger
"In my opinion, Incredible, I was not anticipating this mind-blowing twist at all! Best regards.",Surprise
Important: Never in a million years did I see that unexpected outcome coming! Appreciate your help.,Surprise
"Quick note: I am so proud of my accomplishments, this is truly a dream come true. Best regards.",Joy
"Important: i feel alive, blessed, and full of pure happiness, smiles, and joy. What do you suggest?",Joy
Update: I'm terrified about the results of my medical test tomorrow. Please respond soon.,Fear
"Urgent: i feel so helpless, abandoned, and isolated from everyone around me. This is critical.",Sadness
Urgent: my heart is broken and i can't stop crying alone in my dark room. Let me know asap.,Sadness
"Dear team, My heart is broken and I can't stop crying alone in my dark room.",Sadness
Important: Unbelievable turn of events that took everyone completely by surprise. Thank you so much.,Surprise
"The risk is horrifying, I am in total shock and petrified with anxiety.",Fear
i am terrified and scared for my physical safety and wellbeing.,Fear
"Good morning, i feel so helpless, abandoned, and isolated from everyone around me. Please respond soon.",Sadness
"Dear team, Yay, we achieved our goal and won first place in the tournament! Please respond soon.",Joy
Urgent: I'm terrified about the results of my medical test tomorrow. Please assist.,Fear
"Please note: The risk is horrifying, I am in total shock and petrified with anxiety. What do you suggest?",Fear
"In my opinion, my heart belongs to you forever, completely head over heels in love. Let me know asap.",Love
"Dear team, That surprise party left me completely speechless and overjoyed. Best regards.",Joy
"To whom it may concern, I'm terrified about the results of my medical test tomorrow.",Fear
"Urgent: trembling with sheer fear, my hands are shaking uncontrollably from panic.",Fear
"Hey support team, Utterly infuriated by their pathetic, arrogant, and rude customer service. Best regards.",Anger
"FYI: Smiling from ear to ear right now, feeling so happy and overjoyed! This is critical.",Joy
"In my opinion, Never in a million years did I see that unexpected outcome coming! Please respond soon.",Surprise
"Update: I dread opening this notice, my heart is pounding with pure fear.",Fear
"In my opinion, I miss my family so much during the holidays, feeling so lonely. Best regards.",Sadness
"Hey support team, Please find the PDF document attached for your records and review. Thank you so much.",Neutral
"Notice: Best day of my life, celebrating with my friends and family! Please assist.",Joy
"Important: Utterly infuriated by their pathetic, arrogant, and rude customer service. Thanks.",Anger
Update: I am so grateful for all the support you've given me this year. Let me know asap.,Joy
"Honestly, Oh my goodness, what a shocking, unbelievable revelation! This is critical.",Surprise
"This is so creepy, scary, and dangerous, I am completely panicked.",Fear
"To whom it may concern, The temperature outside is 20 degrees Celsius with moderate wind. Thank you so much.",Neutral
Quick note: This traffic jam is driving me insane and making me lose my mind! Best regards.,Anger
"Update: This is outrageous, I demand an immediate explanation right now! Please assist.",Anger
"Dear team, i'm nervous about my job interview scheduled for tomorrow morning. Let me know asap.",Fear
"FYI: Such a joyous, cheerful, and uplifting celebration with my loved ones. Please assist.",Joy
Scared to death of the dark alley and the strange stalking footsteps.,Fear
"Urgent: i miss my family so much during the holidays, feeling so lonely. What do you suggest?",Sadness
"To whom it may concern, I am so grateful for all the support you've given me this year. Let me know asap.",Joy
"Please note: Fantastic achievement, I am overjoyed and so proud of everyone. Looking forward to hearing back.",Joy
"Hello, Such a joyous, cheerful, and uplifting celebration with my loved ones. Please assist.",Joy
"Notice: this is so creepy, scary, and dangerous, i am completely panicked. Appreciate your help.",Fear
"In my opinion, feeling fantastic, energetic, and full of positive vibes and bliss! Thank you so much.",Joy
Urgent: I am so frustrated and pissed off with this extreme incompetence! Please respond soon.,Anger
"Urgent threat warning, please take shelter immediately from the danger.",Fear
"Honestly, The standard protocol was followed according to the operating manual. Best regards.",Neutral
Quick note: what a sudden and unexpected pleasant surprise this morning! Let me know asap.,Surprise
"Dear team, I am absolutely furious and raging mad at this blatant injustice! Appreciate your help.",Anger
"Honestly, never in a million years did i see that unexpected outcome coming! Please respond soon.",Surprise
"To whom it may concern, such a sweet, lovely, and precious treasure in my life. Let me know asap.",Love
Update: The file has been saved to the designated folder on the local drive. Appreciate your help.,Neutral
"Important: Trembling with sheer fear, my hands are shaking uncontrollably from panic. Please assist.",Fear
"In my opinion, My heart is broken and I can't stop crying alone in my dark room. Thanks.",Sadness
"Honestly, disappointed with myself, feeling like an absolute failure and burden. Please assist.",Sadness
"Hello, it is so depressing, devastating, and heartbreaking to see this happen. Appreciate your help.",Sadness
"Hi, stop lying to me, i am so angry, annoyed, and irritated right now! Please assist.",Anger
"Honestly, Trembling with sheer fear, my hands are shaking uncontrollably from panic. Appreciate your help.",Fear
"Important: Incredible, I was not anticipating this mind-blowing twist at all! Looking forward to hearing back.",Surprise
"Hey support team, Adoring every single sweet moment spent together with you. Thank you so much.",Love
"Hey support team, stop lying to me, i am so angry, annoyed, and irritated right now! Please respond soon.",Anger
Notice: I feel so lonely and heartbroken since she moved away. This is critical.,Sadness
"Hey support team, My heart belongs to you forever, completely head over heels in love. Please respond soon.",Love
"To whom it may concern, I dread opening this notice, my heart is pounding with pure fear. This is critical.",Fear
"Actually, Wow, I cannot believe this actually happened out of nowhere! Thank you so much.",Surprise
"Urgent: Feeling extreme anxiety, nervous dread, and horror about what will happen. Let me know asap.",Fear
"Hey support team, Wow, I cannot believe this actually happened out of nowhere! Please assist.",Surprise
"Quick note: incredible, i was not anticipating this mind-blowing twist at all! Best regards.",Surprise
"Update: Tears in my eyes, feeling completely shattered, rejected, and crushed. What do you suggest?",Sadness
"Good afternoon, Please find the PDF document attached for your records and review. Please assist.",Neutral
"To whom it may concern, Feeling extreme anxiety, nervous dread, and horror about what will happen. This is critical.",Fear
"trembling with sheer fear, my hands are shaking uncontrollably from panic.",Fear
"Honestly, An unsettling, eerie atmosphere that filled me with dread and terror. Best regards.",Fear
I'm nervous about my job interview scheduled for tomorrow morning. Best regards.,Fear
I'm terrified about the results of my medical test tomorrow.,Fear
"Actually, The train arrives on platform four at quarter past five. Let me know asap.",Neutral
"Dear team, Life is beautiful, feeling peaceful, contented, and full of happiness. What do you suggest?",Joy
Unbelievable turn of events that took everyone completely by surprise.,Surprise
"Important: Incredible, I was not anticipating this mind-blowing twist at all! Let me know asap.",Surprise
"Good morning, I hate this so much, it is completely unacceptable, rude, and offensive! Please assist.",Anger
"In my opinion, wow, i cannot believe this actually happened out of nowhere! Appreciate your help.",Surprise
"This makes my blood boil, how dare they treat paying customers like this! Please respond soon.",Anger
FYI: Wow! Please assist.,Surprise
"Urgent: Oh my goodness, what a shocking, unbelievable revelation! Please assist.",Surprise
"I feel so helpless, abandoned, and isolated from everyone around me.",Sadness
"In my opinion, Life is beautiful, feeling peaceful, contented, and full of happiness. Best regards.",Joy
"Dear team, Yay, we achieved our goal and won first place in the tournament! Thanks.",Joy
"To whom it may concern, Adoring every single sweet moment spent together with you. Please respond soon.",Love
The train arrives on platform four at quarter past five. Best regards.,Neutral
"Wow, I cannot believe this actually happened out of nowhere!",Surprise
"Urgent: I am so proud of my accomplishments, this is truly a dream come true. Please respond soon.",Joy
"Deeply devoted and enamored by your warmth, love, and kindness.",Love
"Update: I can't stop smiling, today is such a wonderful and glorious day! Thanks.",Joy
i am losing my temper and cannot tolerate this insulting rubbish anymore.,Anger
"Hello, i am so proud of my accomplishments, this is truly a dream come true. Please assist.",Joy
that surprise party left me completely speechless and overjoyed.,Joy
"utterly infuriated by their pathetic, arrogant, and rude customer service.",Anger
"To whom it may concern, This is outrageous, I demand an immediate explanation right now! Best regards.",Anger
"Honestly, The meeting is scheduled for tomorrow afternoon in conference room B. Thanks.",Neutral
"Hey support team, My heart belongs to you forever, completely head over heels in love. Let me know asap.",Love
"Good morning, Forever grateful for your unconditional love, affection, and care. Looking forward to hearing back.",Love
"To whom it may concern, Super excited for the weekend trip, can't wait to celebrate! What do you suggest?",Joy
"Dear team, i hate this so much, it is completely unacceptable, rude, and offensive! Best regards.",Anger
wow!,Surprise
Notice: A sorrowful and agonizing situation that fills me with grief and tears. Please respond soon.,Sadness
"Forever grateful for your unconditional love, affection, and care.",Love
"stop lying to me, i am so angry, annoyed, and irritated right now!",Anger
"i love you with all my heart, soul, and endless deep affection.",Love
FYI: wow! Looking forward to hearing back.,Surprise
"Honestly, Wow! Please assist.",Surprise
"Hi, Such a joyous, cheerful, and uplifting celebration with my loved ones. Please respond soon.",Joy
"Actually, i can't stop smiling, today is such a wonderful and glorious day! Thanks.",Joy
"Important: I feel alive, blessed, and full of pure happiness, smiles, and joy. Let me know asap.",Joy
"Good afternoon, a terrifying nightmare that frightened all of us to the bone. What do you suggest?",Fear
"Hello, I feel so lonely and heartbroken since she moved away. Let me know asap.",Sadness
"To whom it may concern, Please find the PDF document attached for your records and review. Thanks.",Neutral
"Actually, I dread opening this notice, my heart is pounding with pure fear. Best regards.",Fear
Update: The meeting is scheduled for tomorrow afternoon in conference room B. Thank you so much.,Neutral
"disgusted and outraged by this terrible, disrespectful behavior! Thanks.",Anger
"Feeling down in the dumps, empty, gloomy, and completely miserable. Please assist.",Sadness
"Honestly, Fantastic achievement, I am overjoyed and so proud of everyone. Looking forward to hearing back.",Joy
My heart is broken and I can't stop crying alone in my dark room.,Sadness
Notice: unbelievable turn of events that took everyone completely by surprise. Thank you so much.,Surprise
"Notice: I love you with all my heart, soul, and endless deep affection. Please respond soon.",Love
"i am so proud of my accomplishments, this is truly a dream come true. Appreciate your help.",Joy
Please find the PDF document attached for your records and review.,Neutral
"Quick note: Cherishing this beautiful, tender, and unforgettable romance. Best regards.",Love
"Hello, Please find the PDF document attached for your records and review. What do you suggest?",Neutral
"To whom it may concern, i miss my family so much during the holidays, feeling so lonely. Please respond soon.",Sadness
"Important: life is beautiful, feeling peaceful, contented, and full of happiness. Thank you so much.",Joy
"Good morning, i am so proud of my accomplishments, this is truly a dream come true. Let me know asap.",Joy
i feel so lonely and heartbroken since she moved away.,Sadness
"In my opinion, it is so depressing, devastating, and heartbreaking to see this happen. Best regards.",Sadness
"Hello, i dread opening this notice, my heart is pounding with pure fear. Let me know asap.",Fear
"super excited for the weekend trip, can't wait to celebrate!",Joy
"Actually, I am terrified and scared for my physical safety and wellbeing. Thank you so much.",Fear
"Quick note: Such a sweet, lovely, and precious treasure in my life. Best regards.",Love
"Hi, I was blown away by how extraordinarily different it turned out. Thanks.",Surprise
"Honestly, Oh my goodness, what a shocking, unbelievable revelation!",Surprise
"best day of my life, celebrating with my friends and family!",Joy
"FYI: life is beautiful, feeling peaceful, contented, and full of happiness. Looking forward to hearing back.",Joy
The meeting is scheduled for tomorrow afternoon in conference room B.,Neutral
"Urgent: cherishing this beautiful, tender, and unforgettable romance. What do you suggest?",Love
"Hello, disgusted and outraged by this terrible, disrespectful behavior! Thank you so much.",Anger
"Hello, My jaw literally dropped when I opened the secret gift box! Appreciate your help.",Surprise
"To whom it may concern, I love you with all my heart, soul, and endless deep affection. What do you suggest?",Love
"FYI: Nothing brings me comfort anymore, just deep emotional sorrow and pain. Looking forward to hearing back.",Sadness
"speechless! this is utterly bewildering, startling, and astonishing.",Surprise
"Important: I hate this so much, it is completely unacceptable, rude, and offensive! Please assist.",Anger
"I can't stop smiling, today is such a wonderful and glorious day!",Joy
"Good afternoon, It is so depressing, devastating, and heartbreaking to see this happen. Looking forward to hearing back.",Sadness
Update: Please find the PDF document attached for your records and review.,Neutral
"Good afternoon, The report contains twenty pages of tabular financial data.",Neutral
"Notice: This is so creepy, scary, and dangerous, I am completely panicked. Please assist.",Fear
"Quick note: Fuming with rage, this dishonest cheat ruined everything for us. This is critical.",Anger
"Hi, Feeling fantastic, energetic, and full of positive vibes and bliss! Best regards.",Joy
"Actually, I am delighted and thrilled with these incredible results.",Joy
"Dear team, Tears in my eyes, feeling completely shattered, rejected, and crushed.",Sadness
Important: I am absolutely furious and raging mad at this blatant injustice! Please assist.,Anger
"Hi, I feel so lonely and heartbroken since she moved away. This is critical.",Sadness
"Honestly, I am losing my temper and cannot tolerate this insulting rubbish anymore. Thank you so much.",Anger
That surprise party left me completely speechless and overjoyed.,Joy
"Dear team, I am completely shocked, stunned, and astonished by this discovery! Appreciate your help.",Surprise
"FYI: You are my absolute favorite person in the entire world, my darling. Thank you so much.",Love
"Good afternoon, Cherishing this beautiful, tender, and unforgettable romance. Thanks.",Love
"The risk is horrifying, I am in total shock and petrified with anxiety. Let me know asap.",Fear
"FYI: life is beautiful, feeling peaceful, contented, and full of happiness. What do you suggest?",Joy
"An unsettling, eerie atmosphere that filled me with dread and terror.",Fear
"Update: It is so depressing, devastating, and heartbreaking to see this happen. Let me know asap.",Sadness
Important: please find the pdf document attached for your records and review. Looking forward to hearing back.,Neutral
"Dear team, the standard protocol was followed according to the operating manual. What do you suggest?",Neutral
"Please note: Smiling from ear to ear right now, feeling so happy and overjoyed! Thank you so much.",Joy
"deeply devoted and enamored by your warmth, love, and kindness.",Love
"Actually, My jaw literally dropped when I opened the secret gift box! Looking forward to hearing back.",Surprise
"Good morning, scared to death of the dark alley and the strange stalking footsteps.",Fear
"Actually, My heart belongs to you forever, completely head over heels in love.",Love
"urgent threat warning, please take shelter immediately from the danger.",Fear
"Good morning, Feeling extreme anxiety, nervous dread, and horror about what will happen. Thanks.",Fear
"Hi, Never in a million years did I see that unexpected outcome coming! Looking forward to hearing back.",Surprise
"Actually, my heart is broken and i can't stop crying alone in my dark room.",Sadness
Urgent: The box dimensions are thirty centimeters wide and fifty centimeters high. This is critical.,Neutral
Important: the standard protocol was followed according to the operating manual. Thank you so much.,Neutral
"Urgent: Trembling with sheer fear, my hands are shaking uncontrollably from panic. Best regards.",Fear
"Notice: I miss my family so much during the holidays, feeling so lonely. Please respond soon.",Sadness
"Notice: i feel so helpless, abandoned, and isolated from everyone around me. Best regards.",Sadness
Please note: The train arrives on platform four at quarter past five. Appreciate your help.,Neutral
"Tears in my eyes, feeling completely shattered, rejected, and crushed.",Sadness
"FYI: forever grateful for your unconditional love, affection, and care. What do you suggest?",Love
"Update: this is so creepy, scary, and dangerous, i am completely panicked. Please respond soon.",Fear
"Hey support team, Urgent threat warning, please take shelter immediately from the danger. Best regards.",Fear
"Good morning, It is so depressing, devastating, and heartbreaking to see this happen. Let me know asap.",Sadness
"Hi, Such a joyous, cheerful, and uplifting celebration with my loved ones. This is critical.",Joy
Quick note: I am absolutely furious and raging mad at this blatant injustice! Thank you so much.,Anger
"Good afternoon, this is so creepy, scary, and dangerous, i am completely panicked. This is critical.",Fear
"feeling fantastic, energetic, and full of positive vibes and bliss!",Joy
Please note: The report contains twenty pages of tabular financial data. Please assist.,Neutral
"Hi, i can't stop smiling, today is such a wonderful and glorious day! Appreciate your help.",Joy
"Notice: feeling fantastic, energetic, and full of positive vibes and bliss!",Joy
"Hello, Sending you warm hugs, gentle kisses, and lots of unconditional love. Thank you so much.",Love
Notice: I feel so lonely and heartbroken since she moved away. What do you suggest?,Sadness
"Honestly, the temperature outside is 20 degrees celsius with moderate wind. What do you suggest?",Neutral
"To whom it may concern, the temperature outside is 20 degrees celsius with moderate wind. Thanks.",Neutral
FYI: the temperature outside is 20 degrees celsius with moderate wind. Looking forward to hearing back.,Neutral
"Hey support team, I feel alive, blessed, and full of pure happiness, smiles, and joy. Looking forward to hearing back.",Joy
"Actually, wow! Appreciate your help.",Surprise
"Urgent: stop lying to me, i am so angry, annoyed, and irritated right now! Let me know asap.",Anger
"In my opinion, I'm terrified about the results of my medical test tomorrow. Please assist.",Fear
"Good morning, An unsettling, eerie atmosphere that filled me with dread and terror. This is critical.",Fear
"such a sweet, lovely, and precious treasure in my life.",Love
Urgent: That surprise party left me completely speechless and overjoyed. What do you suggest?,Joy
"In my opinion, I am completely shocked, stunned, and astonished by this discovery! What do you suggest?",Surprise
scared to death of the dark alley and the strange stalking footsteps.,Fear
FYI: The temperature outside is 20 degrees Celsius with moderate wind.,Neutral
"To whom it may concern, I am so frustrated and pissed off with this extreme incompetence! Please assist.",Anger
"feeling down in the dumps, empty, gloomy, and completely miserable.",Sadness
"Important: Smiling from ear to ear right now, feeling so happy and overjoyed! Best regards.",Joy
"In my opinion, I am absolutely furious and raging mad at this blatant injustice! This is critical.",Anger
"Actually, i miss my family so much during the holidays, feeling so lonely. Looking forward to hearing back.",Sadness
"Good afternoon, The box dimensions are thirty centimeters wide and fifty centimeters high. Thanks.",Neutral
"Urgent: You are my absolute favorite person in the entire world, my darling. Thank you so much.",Love
"Hi, i am delighted and thrilled with these incredible results. Best regards.",Joy
"To whom it may concern, yay, we achieved our goal and won first place in the tournament! Best regards.",Joy
"Good afternoon, Such a sweet, lovely, and precious treasure in my life. Thank you so much.",Love
"Fantastic achievement, I am overjoyed and so proud of everyone.",Joy
Quick note: I'm nervous about my job interview scheduled for tomorrow morning. What do you suggest?,Fear
"Good afternoon, i hate this so much, it is completely unacceptable, rude, and offensive! What do you suggest?",Anger
"Quick note: i miss my family so much during the holidays, feeling so lonely. Looking forward to hearing back.",Sadness
"In my opinion, i am losing my temper and cannot tolerate this insulting rubbish anymore. Let me know asap.",Anger
"In my opinion, i feel so helpless, abandoned, and isolated from everyone around me. What do you suggest?",Sadness
a terrifying nightmare that frightened all of us to the bone.,Fear
"Good morning, I feel so sad, hopeless, and depressed today. Looking forward to hearing back.",Sadness
"To whom it may concern, My jaw literally dropped when I opened the secret gift box! Looking forward to hearing back.",Surprise
"Good afternoon, I am so frustrated and pissed off with this extreme incompetence! Thanks.",Anger
"Honestly, Deeply devoted and enamored by your warmth, love, and kindness. Looking forward to hearing back.",Love
"Good morning, The vehicle has four doors, standard tires, and a steering wheel. What do you suggest?",Neutral
"FYI: smiling from ear to ear right now, feeling so happy and overjoyed! Please respond soon.",Joy
"Quick note: Tears in my eyes, feeling completely shattered, rejected, and crushed. What do you suggest?",Sadness
"To whom it may concern, Cherishing this beautiful, tender, and unforgettable romance. This is critical.",Love
"I feel so sad, hopeless, and depressed today.",Sadness
"Hi, A terrifying nightmare that frightened all of us to the bone. Thanks.",Fear
"Dear team, I am so frustrated and pissed off with this extreme incompetence!",Anger
"Good morning, I'm furious that they cancelled my flight without any warning. Appreciate your help.",Anger
"Actually, feeling fantastic, energetic, and full of positive vibes and bliss! Please assist.",Joy
i'm furious that they cancelled my flight without any warning.,Anger
"In my opinion, I'm nervous about my job interview scheduled for tomorrow morning. Appreciate your help.",Fear
"Hey support team, I'm nervous about my job interview scheduled for tomorrow morning. Looking forward to hearing back.",Fear
"Hi, trembling with sheer fear, my hands are shaking uncontrollably from panic. Please assist.",Fear
"Cherishing this beautiful, tender, and unforgettable romance.",Love
"In my opinion, i dread opening this notice, my heart is pounding with pure fear. Best regards.",Fear
"Hello, This traffic jam is driving me insane and making me lose my mind! What do you suggest?",Anger
Quick note: scared to death of the dark alley and the strange stalking footsteps. Please assist.,Fear
Deeply grieving the painful loss of my dearest beloved pet.,Sadness
"FYI: forever grateful for your unconditional love, affection, and care.",Love
"Please note: Sending you warm hugs, gentle kisses, and lots of unconditional love.",Love
Please note: unbelievable turn of events that took everyone completely by surprise.,Surprise
"Speechless! This is utterly bewildering, startling, and astonishing.",Surprise
"Good morning, my heart is broken and i can't stop crying alone in my dark room. Let me know asap.",Sadness
"Honestly, This makes my blood boil, how dare they treat paying customers like this!",Anger
"Good afternoon, incredible, i was not anticipating this mind-blowing twist at all! Please respond soon.",Surprise
"Important: Sending you warm hugs, gentle kisses, and lots of unconditional love. Appreciate your help.",Love
Please note: a sorrowful and agonizing situation that fills me with grief and tears. Appreciate your help.,Sadness
"Good afternoon, I am completely shocked, stunned, and astonished by this discovery! This is critical.",Surprise
Urgent: i am delighted and thrilled with these incredible results.,Joy
"Good morning, Best day of my life, celebrating with my friends and family! Let me know asap.",Joy
"I miss my family so much during the holidays, feeling so lonely.",Sadness
"Dear team, This is outrageous, I demand an immediate explanation right now! What do you suggest?",Anger
"i can't stop smiling, today is such a wonderful and glorious day!",Joy
"In my opinion, i feel so helpless, abandoned, and isolated from everyone around me. Thanks.",Sadness
Please note: I am terrified and scared for my physical safety and wellbeing. Best regards.,Fear
"Hey support team, This makes my blood boil, how dare they treat paying customers like this! Thanks.",Anger
Update: I'm terrified about the results of my medical test tomorrow. Thank you so much.,Fear
"Honestly, Incredible, I was not anticipating this mind-blowing twist at all! This is critical.",Surprise
"Update: Sending you warm hugs, gentle kisses, and lots of unconditional love. Looking forward to hearing back.",Love
"Hey support team, Incredible, I was not anticipating this mind-blowing twist at all! Let me know asap.",Surprise
"Good morning, Tears in my eyes, feeling completely shattered, rejected, and crushed. Thank you so much.",Sadness
"Actually, my heart belongs to you forever, completely head over heels in love. Please respond soon.",Love
"Good afternoon, Super excited for the weekend trip, can't wait to celebrate! Best regards.",Joy
"Hello, The meeting is scheduled for tomorrow afternoon in conference room B. Appreciate your help.",Neutral
The store is open from 9 AM to 6 PM on business weekdays. What do you suggest?,Neutral
"Please note: Fuming with rage, this dishonest cheat ruined everything for us. What do you suggest?",Anger
"Honestly, Scared to death of the dark alley and the strange stalking footsteps. Thanks.",Fear
"Best day of my life, celebrating with my friends and family! Please respond soon.",Joy
"To whom it may concern, Forever grateful for your unconditional love, affection, and care. Best regards.",Love
"Quick note: My heart belongs to you forever, completely head over heels in love. Looking forward to hearing back.",Love
"Hey support team, I am terrified and scared for my physical safety and wellbeing. Thanks.",Fear
A terrifying nightmare that frightened all of us to the bone.,Fear
"Good afternoon, I love you with all my heart, soul, and endless deep affection. Thanks.",Love
"Good afternoon, I'm nervous about my job interview scheduled for tomorrow morning. Thanks.",Fear
"Update: the vehicle has four doors, standard tires, and a steering wheel.",Neutral
"In my opinion, The file has been saved to the designated folder on the local drive. Please respond soon.",Neutral
"Honestly, i feel so sad, hopeless, and depressed today. Thanks.",Sadness
"Good morning, Unbelievable turn of events that took everyone completely by surprise. Please assist.",Surprise
Important: The meeting is scheduled for tomorrow afternoon in conference room B. Thank you so much.,Neutral
"Actually, it is so depressing, devastating, and heartbreaking to see this happen.",Sadness
"Quick note: Such a sweet, lovely, and precious treasure in my life. Appreciate your help.",Love
"Honestly, I feel so sad, hopeless, and depressed today. Thank you so much.",Sadness
"Actually, I am delighted and thrilled with these incredible results. Looking forward to hearing back.",Joy
Please note: Adoring every single sweet moment spent together with you. Thanks.,Love
FYI: I am terrified and scared for my physical safety and wellbeing. What do you suggest?,Fear
"In my opinion, that surprise party left me completely speechless and overjoyed. Appreciate your help.",Joy
"Super excited for the weekend trip, can't wait to celebrate!",Joy
Update: I am absolutely furious and raging mad at this blatant injustice! Let me know asap.,Anger
Urgent: What a sudden and unexpected pleasant surprise this morning! Thank you so much.,Surprise
"Hey support team, Disappointed with myself, feeling like an absolute failure and burden. Thank you so much.",Sadness
Quick note: unbelievable turn of events that took everyone completely by surprise. Thank you so much.,Surprise
"Hey support team, Utterly infuriated by their pathetic, arrogant, and rude customer service. Thanks.",Anger
"FYI: The risk is horrifying, I am in total shock and petrified with anxiety. Please assist.",Fear
"Notice: I love you with all my heart, soul, and endless deep affection. Thanks.",Love
Important: Please find the PDF document attached for your records and review. Thank you so much.,Neutral
Quick note: I am delighted and thrilled with these incredible results. Please respond soon.,Joy
What a sudden and unexpected pleasant surprise this morning!,Surprise
FYI: my heart is broken and i can't stop crying alone in my dark room. This is critical.,Sadness
I'm nervous about my job interview scheduled for tomorrow morning.,Fear
"Honestly, The vehicle has four doors, standard tires, and a steering wheel. This is critical.",Neutral
"Good afternoon, Wow! Thanks.",Surprise
"To whom it may concern, deeply grieving the painful loss of my dearest beloved pet. Thank you so much.",Sadness
"In my opinion, Such a joyous, cheerful, and uplifting celebration with my loved ones. Best regards.",Joy
"Good afternoon, Super excited for the weekend trip, can't wait to celebrate! Looking forward to hearing back.",Joy
"Notice: Sending you warm hugs, gentle kisses, and lots of unconditional love. Appreciate your help.",Love
"To whom it may concern, Urgent threat warning, please take shelter immediately from the danger. This is critical.",Fear
"Honestly, Utterly infuriated by their pathetic, arrogant, and rude customer service. Let me know asap.",Anger
Update: I'm terrified about the results of my medical test tomorrow. This is critical.,Fear
"In my opinion, I feel so lonely and heartbroken since she moved away. Please assist.",Sadness
"To whom it may concern, I'm furious that they cancelled my flight without any warning. Appreciate your help.",Anger
"Good morning, The file has been saved to the designated folder on the local drive. Looking forward to hearing back.",Neutral
"Dear team, Urgent threat warning, please take shelter immediately from the danger. What do you suggest?",Fear
"Hello, i miss my family so much during the holidays, feeling so lonely. Please respond soon.",Sadness
"Update: Speechless! This is utterly bewildering, startling, and astonishing. Please respond soon.",Surprise
"fantastic achievement, i am overjoyed and so proud of everyone.",Joy
"Hi, I feel alive, blessed, and full of pure happiness, smiles, and joy. Let me know asap.",Joy
"Good afternoon, cherishing this beautiful, tender, and unforgettable romance.",Love
"Actually, Stop lying to me, I am so angry, annoyed, and irritated right now! Looking forward to hearing back.",Anger
Please note: I feel so lonely and heartbroken since she moved away. Appreciate your help.,Sadness
"Please note: This is outrageous, I demand an immediate explanation right now! What do you suggest?",Anger
"Hey support team, Life is beautiful, feeling peaceful, contented, and full of happiness. What do you suggest?",Joy
Please note: deeply grieving the painful loss of my dearest beloved pet. What do you suggest?,Sadness
FYI: I'm furious that they cancelled my flight without any warning. Best regards.,Anger
"Hello, the standard protocol was followed according to the operating manual. Thanks.",Neutral
adoring every single sweet moment spent together with you.,Love
"Hey support team, It is so depressing, devastating, and heartbreaking to see this happen. Thank you so much.",Sadness
"In my opinion, I love you with all my heart, soul, and endless deep affection.",Love
"I am completely shocked, stunned, and astonished by this discovery!",Surprise
"Hello, The box dimensions are thirty centimeters wide and fifty centimeters high. This is critical.",Neutral
"Dear team, Disgusted and outraged by this terrible, disrespectful behavior! Best regards.",Anger
"To whom it may concern, I feel so lonely and heartbroken since she moved away. Appreciate your help.",Sadness
"FYI: Urgent threat warning, please take shelter immediately from the danger. Please respond soon.",Fear
"Good afternoon, A sorrowful and agonizing situation that fills me with grief and tears. Looking forward to hearing back.",Sadness
"To whom it may concern, nothing brings me comfort anymore, just deep emotional sorrow and pain. Please assist.",Sadness
"Notice: disgusted and outraged by this terrible, disrespectful behavior! Please assist.",Anger
"Honestly, This is so creepy, scary, and dangerous, I am completely panicked.",Fear
Important: That surprise party left me completely speechless and overjoyed. Thank you so much.,Joy
"Trembling with sheer fear, my hands are shaking uncontrollably from panic.",Fear
FYI: My jaw literally dropped when I opened the secret gift box! Please assist.,Surprise
"Urgent: speechless! this is utterly bewildering, startling, and astonishing. Best regards.",Surprise
"Hello, This is outrageous, I demand an immediate explanation right now! What do you suggest?",Anger
"Such a joyous, cheerful, and uplifting celebration with my loved ones.",Joy
"Hey support team, Incredible, I was not anticipating this mind-blowing twist at all! Let me know asap.",Surprise
"Good afternoon, I hate this so much, it is completely unacceptable, rude, and offensive! Thank you so much.",Anger
"Dear team, i am so proud of my accomplishments, this is truly a dream come true.",Joy
"Hi, It is so depressing, devastating, and heartbreaking to see this happen. What do you suggest?",Sadness
"Hello, It is so depressing, devastating, and heartbreaking to see this happen. Let me know asap.",Sadness
"Good morning, I feel alive, blessed, and full of pure happiness, smiles, and joy. Please respond soon.",Joy
"In my opinion, Feeling down in the dumps, empty, gloomy, and completely miserable.",Sadness
Quick note: Adoring every single sweet moment spent together with you. Please assist.,Love
"Hello, Such a joyous, cheerful, and uplifting celebration with my loved ones.",Joy
"Hi, the file has been saved to the designated folder on the local drive. Thank you so much.",Neutral
"Feeling down in the dumps, empty, gloomy, and completely miserable.",Sadness
"FYI: Feeling down in the dumps, empty, gloomy, and completely miserable. This is critical.",Sadness
I am terrified and scared for my physical safety and wellbeing.,Fear
"FYI: Disgusted and outraged by this terrible, disrespectful behavior! Appreciate your help.",Anger
Update: What a sudden and unexpected pleasant surprise this morning! Best regards.,Surprise
"To whom it may concern, i am so grateful for all the support you've given me this year. Please assist.",Joy
"Dear team, Oh my goodness, what a shocking, unbelievable revelation!",Surprise
"Good morning, Such a sweet, lovely, and precious treasure in my life. This is critical.",Love
"Quick note: speechless! this is utterly bewildering, startling, and astonishing. Let me know asap.",Surprise
"Hello, I am so grateful for all the support you've given me this year. Thanks.",Joy
"Good morning, Life is beautiful, feeling peaceful, contented, and full of happiness. What do you suggest?",Joy
"Hi, i am so frustrated and pissed off with this extreme incompetence! Thanks.",Anger
"In my opinion, i hate this so much, it is completely unacceptable, rude, and offensive!",Anger
"smiling from ear to ear right now, feeling so happy and overjoyed!",Joy
"To whom it may concern, My heart is broken and I can't stop crying alone in my dark room. Thanks.",Sadness
"Good afternoon, Smiling from ear to ear right now, feeling so happy and overjoyed! Thank you so much.",Joy
"Dear team, You are my absolute favorite person in the entire world, my darling. This is critical.",Love
"Honestly, I'm terrified about the results of my medical test tomorrow. What do you suggest?",Fear
the train arrives on platform four at quarter past five.,Neutral
the report contains twenty pages of tabular financial data.,Neutral
Quick note: I am losing my temper and cannot tolerate this insulting rubbish anymore. Looking forward to hearing back.,Anger
"fuming with rage, this dishonest cheat ruined everything for us.",Anger
"Honestly, Wow, I cannot believe this actually happened out of nowhere! Thanks.",Surprise
"Hey support team, Speechless! This is utterly bewildering, startling, and astonishing. This is critical.",Surprise
Please note: I am absolutely furious and raging mad at this blatant injustice! Thank you so much.,Anger
"FYI: Feeling down in the dumps, empty, gloomy, and completely miserable. Please assist.",Sadness
"To whom it may concern, I am absolutely furious and raging mad at this blatant injustice! Please assist.",Anger
"Actually, Adoring every single sweet moment spent together with you. Appreciate your help.",Love
Urgent: I'm terrified about the results of my medical test tomorrow.,Fear
"Good afternoon, My jaw literally dropped when I opened the secret gift box!",Surprise
I was blown away by how extraordinarily different it turned out. This is critical.,Surprise
"To whom it may concern, The risk is horrifying, I am in total shock and petrified with anxiety. Best regards.",Fear
"Update: I am completely shocked, stunned, and astonished by this discovery! Appreciate your help.",Surprise
"Hello, I feel so sad, hopeless, and depressed today. What do you suggest?",Sadness
"Update: Feeling down in the dumps, empty, gloomy, and completely miserable. Thanks.",Sadness
"Good afternoon, Feeling down in the dumps, empty, gloomy, and completely miserable. This is critical.",Sadness
"Update: Such a sweet, lovely, and precious treasure in my life. Thanks.",Love
Quick note: i am absolutely furious and raging mad at this blatant injustice! Appreciate your help.,Anger
"To whom it may concern, An unsettling, eerie atmosphere that filled me with dread and terror. Best regards.",Fear
"nothing brings me comfort anymore, just deep emotional sorrow and pain.",Sadness
"Quick note: Oh my goodness, what a shocking, unbelievable revelation! Thanks.",Surprise
"Good morning, I can't stop smiling, today is such a wonderful and glorious day!",Joy
"Honestly, I feel so lonely and heartbroken since she moved away. Please respond soon.",Sadness
"Hello, this makes my blood boil, how dare they treat paying customers like this! Thank you so much.",Anger
i am so grateful for all the support you've given me this year.,Joy
Quick note: I feel so lonely and heartbroken since she moved away. Thanks.,Sadness
"Good afternoon, I'm terrified about the results of my medical test tomorrow.",Fear
"Good morning, i hate this so much, it is completely unacceptable, rude, and offensive! Looking forward to hearing back.",Anger
"Good morning, Deeply grieving the painful loss of my dearest beloved pet. Appreciate your help.",Sadness
"Dear team, Never in a million years did I see that unexpected outcome coming! This is critical.",Surprise
"Notice: I feel alive, blessed, and full of pure happiness, smiles, and joy. What do you suggest?",Joy
"Urgent: Feeling fantastic, energetic, and full of positive vibes and bliss! Thank you so much.",Joy
"Honestly, Fuming with rage, this dishonest cheat ruined everything for us. Please assist.",Anger
Update: i am so frustrated and pissed off with this extreme incompetence! Let me know asap.,Anger
"Hey support team, Yay, we achieved our goal and won first place in the tournament!",Joy
"Dear team, Deeply grieving the painful loss of my dearest beloved pet. Best regards.",Sadness
"Hello, Fuming with rage, this dishonest cheat ruined everything for us. What do you suggest?",Anger
"Hi, I feel so sad, hopeless, and depressed today. Looking forward to hearing back.",Sadness
"disgusted and outraged by this terrible, disrespectful behavior!",Anger
Quick note: My heart is broken and I can't stop crying alone in my dark room. Please respond soon.,Sadness
"To whom it may concern, fuming with rage, this dishonest cheat ruined everything for us. Looking forward to hearing back.",Anger
"Actually, i'm furious that they cancelled my flight without any warning. Please assist.",Anger
i was blown away by how extraordinarily different it turned out. Thank you so much.,Surprise
"Dear team, I miss my family so much during the holidays, feeling so lonely. Let me know asap.",Sadness
"Smiling from ear to ear right now, feeling so happy and overjoyed!",Joy
"Hello, The meeting is scheduled for tomorrow afternoon in conference room B. Please respond soon.",Neutral
"Hey support team, Utterly infuriated by their pathetic, arrogant, and rude customer service. Please assist.",Anger
Important: The box dimensions are thirty centimeters wide and fifty centimeters high. What do you suggest?,Neutral
"To whom it may concern, i feel so sad, hopeless, and depressed today. Thanks.",Sadness
"Urgent: fuming with rage, this dishonest cheat ruined everything for us. Thank you so much.",Anger
Urgent: the box dimensions are thirty centimeters wide and fifty centimeters high. What do you suggest?,Neutral
"In my opinion, I am terrified and scared for my physical safety and wellbeing.",Fear
"Update: Oh my goodness, what a shocking, unbelievable revelation! Best regards.",Surprise
"Hey support team, unbelievable turn of events that took everyone completely by surprise. Please assist.",Surprise
"Hi, deeply grieving the painful loss of my dearest beloved pet. This is critical.",Sadness
"i am completely shocked, stunned, and astonished by this discovery!",Surprise
"This is so creepy, scary, and dangerous, I am completely panicked. This is critical.",Fear
"Honestly, please find the pdf document attached for your records and review.",Neutral
"Good afternoon, I'm furious that they cancelled my flight without any warning. What do you suggest?",Anger
"Hey support team, Speechless! This is utterly bewildering, startling, and astonishing. Please assist.",Surprise
"Quick note: This makes my blood boil, how dare they treat paying customers like this! Thanks.",Anger
"Actually, I love you with all my heart, soul, and endless deep affection. Please assist.",Love
"Quick note: Such a joyous, cheerful, and uplifting celebration with my loved ones. Please assist.",Joy
"Hey support team, This is outrageous, I demand an immediate explanation right now! Appreciate your help.",Anger
"The vehicle has four doors, standard tires, and a steering wheel.",Neutral
"Fuming with rage, this dishonest cheat ruined everything for us.",Anger
Quick note: I'm terrified about the results of my medical test tomorrow. Let me know asap.,Fear
Important: The report contains twenty pages of tabular financial data. This is critical.,Neutral
"Feeling fantastic, energetic, and full of positive vibes and bliss!",Joy
I was blown away by how extraordinarily different it turned out. Please assist.,Surprise
"Honestly, This is outrageous, I demand an immediate explanation right now! What do you suggest?",Anger
"Hey support team, The temperature outside is 20 degrees Celsius with moderate wind. Looking forward to hearing back.",Neutral
"Good morning, I feel so helpless, abandoned, and isolated from everyone around me.",Sadness
Update: My heart is broken and I can't stop crying alone in my dark room. Best regards.,Sadness
"Important: I hate this so much, it is completely unacceptable, rude, and offensive! Looking forward to hearing back.",Anger
"Actually, You mean everything to me, absolutely adorable, sweet, and charming. Thank you so much.",Love
"To whom it may concern, I can't stop smiling, today is such a wonderful and glorious day! What do you suggest?",Joy
"Disappointed with myself, feeling like an absolute failure and burden.",Sadness
i am so frustrated and pissed off with this extreme incompetence!,Anger
"Hey support team, i feel so helpless, abandoned, and isolated from everyone around me. What do you suggest?",Sadness
"Good morning, I dread opening this notice, my heart is pounding with pure fear. Let me know asap.",Fear
"Hey support team, Life is beautiful, feeling peaceful, contented, and full of happiness. Please respond soon.",Joy
FYI: I am losing my temper and cannot tolerate this insulting rubbish anymore. Appreciate your help.,Anger
"Hi, disappointed with myself, feeling like an absolute failure and burden. Please assist.",Sadness
"feeling extreme anxiety, nervous dread, and horror about what will happen.",Fear
Please note: The store is open from 9 AM to 6 PM on business weekdays. Let me know asap.,Neutral
"The vehicle has four doors, standard tires, and a steering wheel. Best regards.",Neutral
Important: i was blown away by how extraordinarily different it turned out. Appreciate your help.,Surprise
"Hello, Wow! Please assist.",Surprise
"To whom it may concern, You mean everything to me, absolutely adorable, sweet, and charming. Appreciate your help.",Love
"Actually, Yay, we achieved our goal and won first place in the tournament! What do you suggest?",Joy
"Honestly, deeply devoted and enamored by your warmth, love, and kindness. Best regards.",Love
"Nothing brings me comfort anymore, just deep emotional sorrow and pain.",Sadness
"Yay, we achieved our goal and won first place in the tournament!",Joy
"To whom it may concern, Best day of my life, celebrating with my friends and family! Please assist.",Joy
"Hi, i feel alive, blessed, and full of pure happiness, smiles, and joy. Appreciate your help.",Joy
"In my opinion, It is so depressing, devastating, and heartbreaking to see this happen. This is critical.",Sadness
Notice: I am delighted and thrilled with these incredible results. Thank you so much.,Joy
"the risk is horrifying, i am in total shock and petrified with anxiety.",Fear
"Actually, I dread opening this notice, my heart is pounding with pure fear. Thanks.",Fear
"Actually, Best day of my life, celebrating with my friends and family! Please respond soon.",Joy
"Such a sweet, lovely, and precious treasure in my life.",Love
a terrifying nightmare that frightened all of us to the bone. Appreciate your help.,Fear
"Honestly, yay, we achieved our goal and won first place in the tournament! What do you suggest?",Joy
Important: Unbelievable turn of events that took everyone completely by surprise. This is critical.,Surprise
deeply grieving the painful loss of my dearest beloved pet.,Sadness
"Actually, feeling extreme anxiety, nervous dread, and horror about what will happen. Looking forward to hearing back.",Fear
