text,label
i would like to request a 100% money-back refund under your return policy.,Refund
Quick note: Can you provide more information about your warranty coverage policy? What do you suggest?,Inquiry
Could you help me reset my account password?,Technical Support
"Hello, I am very unhappy with the substandard service provided by your company. Please assist.",Complaint
"In my opinion, the screen turns completely blank and white after the recent update. Thanks.",Technical Support
"To whom it may concern, The tracking number says out for delivery, what time will the courier arrive? Please respond soon.",Order Tracking
"Good afternoon, The service staff was extremely rude and unhelpful when I asked for assistance.",Complaint
"Hi, Please abort this order processing, I made a mistake and wish to cancel. Best regards.",Cancellation
Important: The Bluetooth device will not pair with my laptop despite restarting.,Technical Support
"Hey support team, What are the system requirements for running this software on Mac? Thank you so much.",Inquiry
Urgent: I have been waiting on hold for 45 minutes without anyone answering my call. Thank you so much.,Complaint
"Dear team, I returned the item to your store, when will my refund be credited? Thank you so much.",Refund
"Good afternoon, Please terminate my membership and delete my account.",Cancellation
Notice: Please issue a full refund back to my credit card immediately. Thank you so much.,Refund
what are the system requirements for running this software on mac?,Inquiry
Update: This is the worst customer experience I have ever endured. Appreciate your help.,Complaint
"Honestly, Thank you for the quick resolution, 5-star customer support experience! Thanks.",Feedback
"Your application is amazing, keep up the wonderful work!",Feedback
FYI: What is the status of my order that I placed three days ago? Please assist.,Order Tracking
"Actually, i am getting a database connection timeout error on the server. Looking forward to hearing back.",Technical Support
Do you offer international shipping to Canada and the United Kingdom?,Inquiry
"To whom it may concern, I want to make a reservation for two guests at 7:30 PM tonight. This is critical.",Inquiry
"Hey support team, do you have vegan and gluten-free options available on your dinner menu? Please respond soon.",Inquiry
"Good morning, I'd like to schedule an appointment with a specialist next week. Thank you so much.",Inquiry
What is the status of my order that I placed three days ago?,Order Tracking
Notice: Could you help me reset my account password? What do you suggest?,Technical Support
"Good morning, can you tell me what your opening hours are on weekends? Looking forward to hearing back.",Inquiry
"Hey support team, i would like to cancel order #99401 before it gets shipped from the warehouse. Best regards.",Cancellation
"In my opinion, The service staff was extremely rude and unhelpful when I asked for assistance. Thank you so much.",Complaint
cancel my subscription before the free trial period ends.,Cancellation
Please terminate my membership and delete my account.,Cancellation
"In my opinion, I returned the item to your store, when will my refund be credited? Please assist.",Refund
Urgent: I want a refund for the product since it arrived damaged.,Refund
"The product stopped working after two days, this is completely unacceptable.",Complaint
"In my opinion, Where is my package right now? Tracking number is TRK-881920. Let me know asap.",Order Tracking
"Hi, I am very unhappy with the substandard service provided by your company. Thanks.",Complaint
FYI: I want my cashback and purchase price refunded for this broken keyboard. Let me know asap.,Refund
Please note: How do I book a private consultation session with an advisor? Please respond soon.,Inquiry
Please note: Please terminate my membership and delete my account. Let me know asap.,Cancellation
"Good afternoon, The webcam driver is not detected during video conferencing calls. Let me know asap.",Technical Support
Can you check the current shipping location of order number #77102? Please respond soon.,Order Tracking
"In my opinion, The product did not match the website description, I demand my money back. Looking forward to hearing back.",Refund
How long does it take for a bank account refund to process?,Refund
Please note: the service staff was extremely rude and unhelpful when i asked for assistance. Let me know asap.,Complaint
"Good afternoon, When will my order arrive at my doorstep? Looking forward to hearing back.",Order Tracking
"Hello, I have not received any tracking updates for shipment #9084. This is critical.",Order Tracking
"To whom it may concern, Kudos to your delivery driver who was polite, punctual, and very professional. Let me know asap.",Feedback
i would like to cancel order #99401 before it gets shipped from the warehouse.,Cancellation
I have been waiting on hold for 45 minutes without anyone answering my call.,Complaint
Can I reserve a conference room for our team meeting on Friday at 3 PM? Thank you so much.,Inquiry
Could you help me reset my account password? Let me know asap.,Technical Support
"Good afternoon, is it possible to upgrade my current plan to the premium tier? Thank you so much.",Inquiry
Urgent: my api authentication token is failing with 401 unauthorized error. What do you suggest?,Technical Support
where is my package right now? tracking number is trk-881920.,Order Tracking
"Honestly, i cannot log into my account, it keeps saying invalid credentials. Please assist.",Technical Support
Can you tell me what your opening hours are on weekends?,Inquiry
This is the worst customer experience I have ever endured.,Complaint
"Hey support team, I want a refund for the product since it arrived damaged. Let me know asap.",Refund
i want to cancel my subscription effective immediately.,Cancellation
"Honestly, The Bluetooth device will not pair with my laptop despite restarting. Thank you so much.",Technical Support
"Hi, I have been waiting on hold for 45 minutes without anyone answering my call. Thank you so much.",Complaint
FYI: my api authentication token is failing with 401 unauthorized error.,Technical Support
Notice: the service staff was extremely rude and unhelpful when i asked for assistance. Let me know asap.,Complaint
can you check the current shipping location of order number #77102?,Order Tracking
Urgent: I would like to cancel order #99401 before it gets shipped from the warehouse. Please assist.,Cancellation
FYI: Can you provide more information about your warranty coverage policy? Looking forward to hearing back.,Inquiry
"Kudos to your delivery driver who was polite, punctual, and very professional.",Feedback
Notice: I'd like to book a table for four people this Saturday evening. What do you suggest?,Inquiry
"Hey support team, could you help me reset my account password? Thanks.",Technical Support
Urgent: I wanted to share some feedback regarding your recent software release. Thank you so much.,Feedback
Update: i am very unhappy with the substandard service provided by your company. Looking forward to hearing back.,Complaint
Please note: I have been waiting on hold for 45 minutes without anyone answering my call. This is critical.,Complaint
"Honestly, i want to cancel my subscription effective immediately. Let me know asap.",Cancellation
Quick note: i would like to request a 100% money-back refund under your return policy. This is critical.,Refund
"Honestly, this is the worst customer experience i have ever endured.",Complaint
Please note: i received the wrong item in my package and nobody is responding to my emails. Thanks.,Complaint
"Good afternoon, how much does the annual subscription plan cost for enterprise teams? Let me know asap.",Inquiry
"Good morning, Has my order #44910 been dispatched from the fulfillment warehouse yet? Appreciate your help.",Order Tracking
"Hi, what is the status of my order that i placed three days ago? Appreciate your help.",Order Tracking
"Hey support team, could you tell me if this winter jacket comes in size extra large?",Inquiry
Urgent: Could you tell me which courier service is handling the delivery of my parcel? Let me know asap.,Order Tracking
Quick note: Can you provide more information about your warranty coverage policy? Best regards.,Inquiry
Just wanted to say the support team was fantastic and super helpful!,Feedback
what payment methods do you accept on your online checkout page? Let me know asap.,Inquiry
"Hello, I received the wrong item in my package and nobody is responding to my emails. Please assist.",Complaint
"Good afternoon, How do I book a private consultation session with an advisor? This is critical.",Inquiry
"Dear team, i really love the new dark mode theme update you recently rolled out. This is critical.",Feedback
"i was charged twice for the same transaction, please refund the duplicate fee.",Refund
how much does the annual subscription plan cost for enterprise teams?,Inquiry
How much does the annual subscription plan cost for enterprise teams?,Inquiry
"Actually, Great job on the new features, they saved our team hours of work. Appreciate your help.",Feedback
Urgent: Where is my package right now? Tracking number is TRK-881920. Let me know asap.,Order Tracking
Important: How do I configure the SMTP email settings in the dashboard? Appreciate your help.,Technical Support
"Notice: i cannot log into my account, it keeps saying invalid credentials. Please assist.",Technical Support
I'm writing to complain about the poor quality of the item I received.,Complaint
"Good afternoon, Please terminate my membership and delete my account. Looking forward to hearing back.",Cancellation
Important: i have not received any tracking updates for shipment #9084. Best regards.,Order Tracking
FYI: Can you tell me what your opening hours are on weekends? Let me know asap.,Inquiry
"Hey support team, i really love the new dark mode theme update you recently rolled out. Please respond soon.",Feedback
"Honestly, Please void this transaction and cancel my pending order right away. Thank you so much.",Cancellation
Please note: I want to cancel my subscription effective immediately. This is critical.,Cancellation
"Hi, can you provide more information about your warranty coverage policy?",Inquiry
"To whom it may concern, Could you tell me if this winter jacket comes in size extra large? Best regards.",Inquiry
"Hi, please void this transaction and cancel my pending order right away. Thank you so much.",Cancellation
"Hi, please refund the unauthorized subscription charge on my debit card.",Refund
Notice: I would like to request a 100% money-back refund under your return policy. Appreciate your help.,Refund
Urgent: is there a free trial available for new users before purchasing? Thank you so much.,Inquiry
Notice: How do I clear the browser cache and cookies to fix rendering glitches? Thank you so much.,Technical Support
"Good morning, I would like to cancel order #99401 before it gets shipped from the warehouse. Thank you so much.",Cancellation
Please note: How do I clear the browser cache and cookies to fix rendering glitches? Thanks.,Technical Support
"Honestly, The webcam driver is not detected during video conferencing calls. What do you suggest?",Technical Support
I really love the new dark mode theme update you recently rolled out.,Feedback
Please note: I want my cashback and purchase price refunded for this broken keyboard. Please assist.,Refund
Notice: Please terminate my membership and delete my account.,Cancellation
Quick note: Cancel my subscription before the free trial period ends. Looking forward to hearing back.,Cancellation
When will my order arrive at my doorstep? This is critical.,Order Tracking
I'd like to schedule an appointment with a specialist next week.,Inquiry
"Good afternoon, has my order #44910 been dispatched from the fulfillment warehouse yet?",Order Tracking
Your technician did a terrible job and damaged my home wiring.,Complaint
Important: This is the worst customer experience I have ever endured. What do you suggest?,Complaint
"Good morning, how do i clear the browser cache and cookies to fix rendering glitches? Please respond soon.",Technical Support
I want to make a reservation for two guests at 7:30 PM tonight. What do you suggest?,Inquiry
"In my opinion, i would like to request a 100% money-back refund under your return policy. This is critical.",Refund
"Please note: Your application is amazing, keep up the wonderful work!",Feedback
"Actually, The room was dirty, noisy, and had no hot water during our entire stay.",Complaint
Urgent: This is the worst customer experience I have ever endured. Thanks.,Complaint
"Hi, I wanted to share some feedback regarding your recent software release. Let me know asap.",Feedback
FYI: Please cancel my monthly premium plan and stop all future recurring billing. Appreciate your help.,Cancellation
How can I cancel my gym membership without paying a cancellation fee?,Cancellation
Cancel my subscription before the free trial period ends.,Cancellation
"Dear team, I'd like to schedule an appointment with a specialist next week. Thank you so much.",Inquiry
"Good morning, I'd like to schedule an appointment with a specialist next week. Thanks.",Inquiry
"Dear team, Your application is amazing, keep up the wonderful work! Thank you so much.",Feedback
"Good afternoon, Do you offer international shipping to Canada and the United Kingdom? Please respond soon.",Inquiry
i need the tracking url and consignment number for my recent purchase.,Order Tracking
FYI: I want to cancel my flight reservation and void the airline ticket. What do you suggest?,Cancellation
my api authentication token is failing with 401 unauthorized error.,Technical Support
"Actually, please refund the unauthorized subscription charge on my debit card. Thanks.",Refund
"Hi, is it possible to upgrade my current plan to the premium tier? Appreciate your help.",Inquiry
Quick note: The screen turns completely blank and white after the recent update. Thank you so much.,Technical Support
"In my opinion, Could you tell me which courier service is handling the delivery of my parcel? Thank you so much.",Order Tracking
"Honestly, could you tell me if this winter jacket comes in size extra large?",Inquiry
"Hey support team, the delivery was three hours late and the food was completely cold. This is critical.",Complaint
"Actually, Can you check the current shipping location of order number #77102? Looking forward to hearing back.",Order Tracking
"Hey support team, Please issue a full refund back to my credit card immediately. Let me know asap.",Refund
Update: I want to cancel my subscription effective immediately.,Cancellation
The screen turns completely blank and white after the recent update. Please respond soon.,Technical Support
"Actually, i want my cashback and purchase price refunded for this broken keyboard. Thank you so much.",Refund
Quick note: I want to check availability for hotel rooms between Dec 10 and Dec 15.,Inquiry
Urgent: I would like to request a 100% money-back refund under your return policy. Please assist.,Refund
"Dear team, Do you have vegan and gluten-free options available on your dinner menu? Appreciate your help.",Inquiry
Important: I'd like to book a table for four people this Saturday evening. Thank you so much.,Inquiry
"Honestly, When will my order arrive at my doorstep? Let me know asap.",Order Tracking
"To whom it may concern, I would like to request a 100% money-back refund under your return policy. Best regards.",Refund
Notice: How do I configure the SMTP email settings in the dashboard? Please assist.,Technical Support
"Actually, please cancel my monthly premium plan and stop all future recurring billing. What do you suggest?",Cancellation
"Dear team, do you have vegan and gluten-free options available on your dinner menu? Best regards.",Inquiry
"Hello, I want to track the live real-time location of my package in transit. Appreciate your help.",Order Tracking
"To whom it may concern, I want a refund for the product since it arrived damaged.",Refund
i am very unhappy with the substandard service provided by your company.,Complaint
Update: The Bluetooth device will not pair with my laptop despite restarting. Looking forward to hearing back.,Technical Support
Please note: Could you tell me if this winter jacket comes in size extra large? Please assist.,Inquiry
"To whom it may concern, Could you tell me which courier service is handling the delivery of my parcel? Thanks.",Order Tracking
"Hey support team, How can I cancel my gym membership without paying a cancellation fee? Looking forward to hearing back.",Cancellation
"In my opinion, How can I cancel my gym membership without paying a cancellation fee? Please respond soon.",Cancellation
i want my cashback and purchase price refunded for this broken keyboard.,Refund
do you have vegan and gluten-free options available on your dinner menu?,Inquiry
what payment methods do you accept on your online checkout page?,Inquiry
"Actually, Please terminate my membership and delete my account. Please assist.",Cancellation
"To whom it may concern, Has my order #44910 been dispatched from the fulfillment warehouse yet? Please respond soon.",Order Tracking
"In my opinion, How long does it take for a bank account refund to process? Please assist.",Refund
"Dear team, I returned the item to your store, when will my refund be credited? Please respond soon.",Refund
"Honestly, Can you tell me what your opening hours are on weekends? Please respond soon.",Inquiry
I would like to request a 100% money-back refund under your return policy.,Refund
Quick note: How do I clear the browser cache and cookies to fix rendering glitches? Thank you so much.,Technical Support
"Hey support team, i have been waiting on hold for 45 minutes without anyone answering my call. Please respond soon.",Complaint
"Hey support team, could you help me reset my account password? Thank you so much.",Technical Support
"Actually, your technician did a terrible job and damaged my home wiring. Please assist.",Complaint
Quick note: I want to check availability for hotel rooms between Dec 10 and Dec 15. Thank you so much.,Inquiry
Important: What payment methods do you accept on your online checkout page? Please respond soon.,Inquiry
"Good morning, Please issue a full refund back to my credit card immediately. Appreciate your help.",Refund
"Actually, please cancel my monthly premium plan and stop all future recurring billing. Please assist.",Cancellation
"Hey support team, can you tell me what your opening hours are on weekends? Thanks.",Inquiry
"To whom it may concern, Please refund the unauthorized subscription charge on my debit card. Appreciate your help.",Refund
"Hello, How do I configure the SMTP email settings in the dashboard? Please assist.",Technical Support
"Good afternoon, I have been waiting on hold for 45 minutes without anyone answering my call. Let me know asap.",Complaint
"Hello, can i reserve a conference room for our team meeting on friday at 3 pm? Please assist.",Inquiry
"Hello, Your technician did a terrible job and damaged my home wiring. Please assist.",Complaint
"In my opinion, Has my order #44910 been dispatched from the fulfillment warehouse yet? Please assist.",Order Tracking
Quick note: the mobile app crashes with error 500 whenever i click export. Thank you so much.,Technical Support
"Dear team, Can you provide more information about your warranty coverage policy? Thank you so much.",Inquiry
what is the status of my order that i placed three days ago?,Order Tracking
"Good morning, I want to check availability for hotel rooms between Dec 10 and Dec 15. What do you suggest?",Inquiry
"The product did not match the website description, I demand my money back.",Refund
"I returned the item to your store, when will my refund be credited?",Refund
"Good afternoon, i would like to cancel order #99401 before it gets shipped from the warehouse. Thanks.",Cancellation
"To whom it may concern, my api authentication token is failing with 401 unauthorized error. Looking forward to hearing back.",Technical Support
When will my order arrive at my doorstep? Please assist.,Order Tracking
"Good morning, I wanted to leave positive feedback for Sarah who helped me resolve my issue. Thank you so much.",Feedback
Please note: My API authentication token is failing with 401 unauthorized error. Let me know asap.,Technical Support
"Kudos to your delivery driver who was polite, punctual, and very professional. Looking forward to hearing back.",Feedback
Please note: I want a refund for the product since it arrived damaged. Thanks.,Refund
"Honestly, how can i cancel my gym membership without paying a cancellation fee?",Cancellation
I need the tracking URL and consignment number for my recent purchase.,Order Tracking
Notice: I'd like to schedule an appointment with a specialist next week. Appreciate your help.,Inquiry
"Dear team, can you check the current shipping location of order number #77102? Let me know asap.",Order Tracking
"Hi, Do you have vegan and gluten-free options available on your dinner menu? Looking forward to hearing back.",Inquiry
"Dear team, I received the wrong item in my package and nobody is responding to my emails. Appreciate your help.",Complaint
Notice: is it possible to upgrade my current plan to the premium tier?,Inquiry
"Hi, cancel my subscription before the free trial period ends. This is critical.",Cancellation
Quick note: How do I clear the browser cache and cookies to fix rendering glitches? Please assist.,Technical Support
Update: The screen turns completely blank and white after the recent update. Best regards.,Technical Support
"Hey support team, Can you provide more information about your warranty coverage policy? Thanks.",Inquiry
Update: The delivery was three hours late and the food was completely cold. Please respond soon.,Complaint
Quick note: How do I clear the browser cache and cookies to fix rendering glitches? What do you suggest?,Technical Support
Quick note: Can I reserve a conference room for our team meeting on Friday at 3 PM? Let me know asap.,Inquiry
My API authentication token is failing with 401 unauthorized error.,Technical Support
My API authentication token is failing with 401 unauthorized error. What do you suggest?,Technical Support
Update: this is the worst customer experience i have ever endured. Thanks.,Complaint
Please note: i am getting a database connection timeout error on the server. Thanks.,Technical Support
"Please note: The room was dirty, noisy, and had no hot water during our entire stay. Appreciate your help.",Complaint
"Dear team, Is there a free trial available for new users before purchasing? Looking forward to hearing back.",Inquiry
"In my opinion, i want to track the live real-time location of my package in transit. Please assist.",Order Tracking
"Hi, I want to check availability for hotel rooms between Dec 10 and Dec 15. What do you suggest?",Inquiry
"Actually, Kudos to your delivery driver who was polite, punctual, and very professional. Best regards.",Feedback
"Good afternoon, I really love the new dark mode theme update you recently rolled out. Let me know asap.",Feedback
"To whom it may concern, when will my order arrive at my doorstep? What do you suggest?",Order Tracking
"Hi, What is the status of my order that I placed three days ago? Let me know asap.",Order Tracking
"Hey support team, I want my cashback and purchase price refunded for this broken keyboard. Thanks.",Refund
"Quick note: I returned the item to your store, when will my refund be credited? Please assist.",Refund
"Dear team, I want to cancel my subscription effective immediately. Let me know asap.",Cancellation
"To whom it may concern, i wanted to leave positive feedback for sarah who helped me resolve my issue. Let me know asap.",Feedback
"Quick note: I returned the item to your store, when will my refund be credited? Please respond soon.",Refund
Update: Please cancel my monthly premium plan and stop all future recurring billing. Best regards.,Cancellation
"FYI: the tracking number says out for delivery, what time will the courier arrive? Please assist.",Order Tracking
Notice: Do you offer international shipping to Canada and the United Kingdom? Looking forward to hearing back.,Inquiry
"Hey support team, Is it possible to upgrade my current plan to the premium tier? Thanks.",Inquiry
"To whom it may concern, I want to make a reservation for two guests at 7:30 PM tonight. Please assist.",Inquiry
"Hey support team, I want to make a reservation for two guests at 7:30 PM tonight. Thanks.",Inquiry
"the room was dirty, noisy, and had no hot water during our entire stay.",Complaint
"Good morning, What payment methods do you accept on your online checkout page? Looking forward to hearing back.",Inquiry
"Honestly, This is the worst customer experience I have ever endured. Best regards.",Complaint
"The room was dirty, noisy, and had no hot water during our entire stay.",Complaint
Quick note: Can you tell me what your opening hours are on weekends? Please assist.,Inquiry
Urgent: Is it possible to upgrade my current plan to the premium tier? Thanks.,Inquiry
"Hey support team, great job on the new features, they saved our team hours of work.",Feedback
"Good afternoon, Is there a free trial available for new users before purchasing? Appreciate your help.",Inquiry
"To whom it may concern, The product did not match the website description, I demand my money back.",Refund
"Good morning, Can you provide more information about your warranty coverage policy?",Inquiry
"Actually, What are the system requirements for running this software on Mac? This is critical.",Inquiry
"Good morning, The mobile app crashes with error 500 whenever I click export. Looking forward to hearing back.",Technical Support
"Dear team, What payment methods do you accept on your online checkout page? This is critical.",Inquiry
Update: I'm writing to complain about the poor quality of the item I received. Appreciate your help.,Complaint
"Hello, i really love the new dark mode theme update you recently rolled out. Let me know asap.",Feedback
"To whom it may concern, the room was dirty, noisy, and had no hot water during our entire stay. Looking forward to hearing back.",Complaint
"Dear team, How do I book a private consultation session with an advisor? Best regards.",Inquiry
Please refund the unauthorized subscription charge on my debit card.,Refund
"Hello, please void this transaction and cancel my pending order right away. Looking forward to hearing back.",Cancellation
"Hi, I want to cancel my subscription effective immediately. Appreciate your help.",Cancellation
Important: Cancel my subscription before the free trial period ends. Looking forward to hearing back.,Cancellation
"Dear team, The webcam driver is not detected during video conferencing calls. Please respond soon.",Technical Support
Quick note: How do I configure the SMTP email settings in the dashboard? Please respond soon.,Technical Support
"Actually, I have not received any tracking updates for shipment #9084. Let me know asap.",Order Tracking
"Good morning, thank you for the quick resolution, 5-star customer support experience! Best regards.",Feedback
"Hi, Can I reserve a conference room for our team meeting on Friday at 3 PM? Thank you so much.",Inquiry
"Good afternoon, The webcam driver is not detected during video conferencing calls. Looking forward to hearing back.",Technical Support
"Hello, i'd like to schedule an appointment with a specialist next week. Thank you so much.",Inquiry
i received the wrong item in my package and nobody is responding to my emails.,Complaint
Update: the bluetooth device will not pair with my laptop despite restarting. Let me know asap.,Technical Support
"Notice: Great job on the new features, they saved our team hours of work. Please respond soon.",Feedback
"Notice: Thank you for the quick resolution, 5-star customer support experience! Please respond soon.",Feedback
"Hello, Great job on the new features, they saved our team hours of work.",Feedback
"Hi, Can I reserve a conference room for our team meeting on Friday at 3 PM? Best regards.",Inquiry
I am getting a database connection timeout error on the server.,Technical Support
The webcam driver is not detected during video conferencing calls.,Technical Support
"Hi, Your technician did a terrible job and damaged my home wiring.",Complaint
"In my opinion, the product stopped working after two days, this is completely unacceptable.",Complaint
"Good afternoon, I would like to request a 100% money-back refund under your return policy. Best regards.",Refund
I have a suggestion to improve the user interface on the settings page. Please respond soon.,Feedback
Important: The Bluetooth device will not pair with my laptop despite restarting. Thanks.,Technical Support
FYI: I'd like to schedule an appointment with a specialist next week. Please assist.,Inquiry
"Update: The product did not match the website description, I demand my money back. Looking forward to hearing back.",Refund
"In my opinion, i want to make a reservation for two guests at 7:30 pm tonight. Please respond soon.",Inquiry
"Hey support team, I am getting a database connection timeout error on the server. Thank you so much.",Technical Support
"Good afternoon, How much does the annual subscription plan cost for enterprise teams? Appreciate your help.",Inquiry
"Honestly, How much does the annual subscription plan cost for enterprise teams? Best regards.",Inquiry
"Good morning, I'm writing to complain about the poor quality of the item I received.",Complaint
Update: I want a refund for the product since it arrived damaged.,Refund
Quick note: Can you check the current shipping location of order number #77102? Let me know asap.,Order Tracking
Notice: i have a suggestion to improve the user interface on the settings page. Appreciate your help.,Feedback
"Hello, Has my order #44910 been dispatched from the fulfillment warehouse yet? Thanks.",Order Tracking
please issue a full refund back to my credit card immediately.,Refund
"Good afternoon, I want to track the live real-time location of my package in transit. This is critical.",Order Tracking
"Hey support team, Your technician did a terrible job and damaged my home wiring. Please assist.",Complaint
"Dear team, I wanted to share some feedback regarding your recent software release.",Feedback
FYI: I have a suggestion to improve the user interface on the settings page. Let me know asap.,Feedback
"Good afternoon, the delivery was three hours late and the food was completely cold.",Complaint
"Good morning, I am very unhappy with the substandard service provided by your company. What do you suggest?",Complaint
"Good afternoon, I want a refund for the product since it arrived damaged. Looking forward to hearing back.",Refund
"Hey support team, I was charged twice for the same transaction, please refund the duplicate fee. Looking forward to hearing back.",Refund
"Dear team, Where is my package right now? Tracking number is TRK-881920. Thanks.",Order Tracking
Quick note: The service staff was extremely rude and unhelpful when I asked for assistance.,Complaint
"Hello, could you tell me which courier service is handling the delivery of my parcel? Please respond soon.",Order Tracking
has my order #44910 been dispatched from the fulfillment warehouse yet?,Order Tracking
"Actually, I want to cancel my subscription effective immediately. What do you suggest?",Cancellation
Please void this transaction and cancel my pending order right away.,Cancellation
FYI: I have a suggestion to improve the user interface on the settings page. Thank you so much.,Feedback
"Dear team, Just wanted to say the support team was fantastic and super helpful! Please respond soon.",Feedback
i want to track the live real-time location of my package in transit.,Order Tracking
"Hey support team, Please refund the unauthorized subscription charge on my debit card. Please respond soon.",Refund
"To whom it may concern, I'm writing to complain about the poor quality of the item I received. Appreciate your help.",Complaint
"Actually, Just wanted to say the support team was fantastic and super helpful! Thanks.",Feedback
"Good afternoon, I have been waiting on hold for 45 minutes without anyone answering my call. Please respond soon.",Complaint
Can you provide more information about your warranty coverage policy? Appreciate your help.,Inquiry
"Dear team, Could you tell me if this winter jacket comes in size extra large? Appreciate your help.",Inquiry
I'd like to book a table for four people this Saturday evening.,Inquiry
Notice: I want my cashback and purchase price refunded for this broken keyboard. Best regards.,Refund
"Actually, I have been waiting on hold for 45 minutes without anyone answering my call. What do you suggest?",Complaint
"Actually, could you tell me which courier service is handling the delivery of my parcel? Let me know asap.",Order Tracking
Update: Could you help me reset my account password? Thanks.,Technical Support
"To whom it may concern, I would like to request a 100% money-back refund under your return policy. Please assist.",Refund
Can you tell me what your opening hours are on weekends? Best regards.,Inquiry
Important: I want my cashback and purchase price refunded for this broken keyboard. Please respond soon.,Refund
"Update: Please abort this order processing, I made a mistake and wish to cancel. Thanks.",Cancellation
Can you tell me what your opening hours are on weekends?,Inquiry
how do i clear the browser cache and cookies to fix rendering glitches?,Technical Support
"Honestly, Cancel my subscription before the free trial period ends. This is critical.",Cancellation
"Good morning, how do i configure the smtp email settings in the dashboard? Let me know asap.",Technical Support
"Honestly, I have been waiting on hold for 45 minutes without anyone answering my call. Looking forward to hearing back.",Complaint
"Honestly, Can I reserve a conference room for our team meeting on Friday at 3 PM? Please respond soon.",Inquiry
"Dear team, The product stopped working after two days, this is completely unacceptable. Appreciate your help.",Complaint
Notice: The service staff was extremely rude and unhelpful when I asked for assistance. Looking forward to hearing back.,Complaint
"Hello, Please abort this order processing, I made a mistake and wish to cancel. Please assist.",Cancellation
Do you offer international shipping to Canada and the United Kingdom? What do you suggest?,Inquiry
"Quick note: Great job on the new features, they saved our team hours of work. Please respond soon.",Feedback
"In my opinion, I'd like to book a table for four people this Saturday evening. Please assist.",Inquiry
Urgent: I would like to request a 100% money-back refund under your return policy. What do you suggest?,Refund
Important: Can you tell me what your opening hours are on weekends? Thank you so much.,Inquiry
FYI: Where is my package right now? Tracking number is TRK-881920. Thank you so much.,Order Tracking
Notice: I want to cancel my subscription effective immediately. Thanks.,Cancellation
Notice: Please terminate my membership and delete my account. Please respond soon.,Cancellation
How do I configure the SMTP email settings in the dashboard?,Technical Support
"Dear team, i want to track the live real-time location of my package in transit. Looking forward to hearing back.",Order Tracking
Is there a free trial available for new users before purchasing?,Inquiry
The service staff was extremely rude and unhelpful when I asked for assistance. Thank you so much.,Complaint
"Good afternoon, Just wanted to say the support team was fantastic and super helpful! Thank you so much.",Feedback
your technician did a terrible job and damaged my home wiring.,Complaint
"To whom it may concern, i really love the new dark mode theme update you recently rolled out. Let me know asap.",Feedback
"the product stopped working after two days, this is completely unacceptable. What do you suggest?",Complaint
"Actually, The product did not match the website description, I demand my money back. Please respond soon.",Refund
"To whom it may concern, Please abort this order processing, I made a mistake and wish to cancel. This is critical.",Cancellation
"Actually, I really love the new dark mode theme update you recently rolled out. Let me know asap.",Feedback
"Honestly, The tracking number says out for delivery, what time will the courier arrive? What do you suggest?",Order Tracking
"Actually, Could you tell me which courier service is handling the delivery of my parcel? What do you suggest?",Order Tracking
"Good morning, I want to cancel my flight reservation and void the airline ticket. Please assist.",Cancellation
FYI: could you tell me which courier service is handling the delivery of my parcel? Let me know asap.,Order Tracking
can you tell me what your opening hours are on weekends?,Inquiry
I'd like to book a table for four people this Saturday evening. Best regards.,Inquiry
"Good morning, Do you offer international shipping to Canada and the United Kingdom? Thanks.",Inquiry
"Honestly, Please terminate my membership and delete my account. Appreciate your help.",Cancellation
"Notice: Your application is amazing, keep up the wonderful work! Thank you so much.",Feedback
Important: i am very unhappy with the substandard service provided by your company. Thank you so much.,Complaint
Please note: The Bluetooth device will not pair with my laptop despite restarting. What do you suggest?,Technical Support
"Important: I cannot log into my account, it keeps saying invalid credentials. This is critical.",Technical Support
What are the system requirements for running this software on Mac?,Inquiry
"Good morning, How much does the annual subscription plan cost for enterprise teams? What do you suggest?",Inquiry
"the product stopped working after two days, this is completely unacceptable.",Complaint
i wanted to leave positive feedback for sarah who helped me resolve my issue.,Feedback
FYI: Can you check the current shipping location of order number #77102? What do you suggest?,Order Tracking
"Actually, I need the tracking URL and consignment number for my recent purchase. Please assist.",Order Tracking
Notice: Cancel my subscription before the free trial period ends.,Cancellation
"The room was dirty, noisy, and had no hot water during our entire stay. Appreciate your help.",Complaint
"Notice: I returned the item to your store, when will my refund be credited? Thanks.",Refund
Please note: I have not received any tracking updates for shipment #9084. Please assist.,Order Tracking
"Honestly, kudos to your delivery driver who was polite, punctual, and very professional. What do you suggest?",Feedback
Quick note: What payment methods do you accept on your online checkout page? Please assist.,Inquiry
The screen turns completely blank and white after the recent update.,Technical Support
Important: I need the tracking URL and consignment number for my recent purchase. What do you suggest?,Order Tracking
Notice: How do I clear the browser cache and cookies to fix rendering glitches? Please assist.,Technical Support
The service staff was extremely rude and unhelpful when I asked for assistance.,Complaint
Can you provide more information about your warranty coverage policy?,Inquiry
"Actually, Can you check the current shipping location of order number #77102? Please assist.",Order Tracking
"To whom it may concern, the service staff was extremely rude and unhelpful when i asked for assistance. Thank you so much.",Complaint
Update: I wanted to leave positive feedback for Sarah who helped me resolve my issue. Thank you so much.,Feedback
"Update: I cannot log into my account, it keeps saying invalid credentials. Thanks.",Technical Support
Urgent: The Bluetooth device will not pair with my laptop despite restarting. Please assist.,Technical Support
Please note: Could you tell me if this winter jacket comes in size extra large? Please respond soon.,Inquiry
"In my opinion, I'd like to book a table for four people this Saturday evening. Let me know asap.",Inquiry
"Actually, The delivery was three hours late and the food was completely cold. Please respond soon.",Complaint
"To whom it may concern, How do I book a private consultation session with an advisor? Let me know asap.",Inquiry
Notice: Please terminate my membership and delete my account. What do you suggest?,Cancellation
your technician did a terrible job and damaged my home wiring. What do you suggest?,Complaint
"Honestly, could you tell me which courier service is handling the delivery of my parcel? Please assist.",Order Tracking
Could you tell me if this winter jacket comes in size extra large?,Inquiry
"Good morning, I received the wrong item in my package and nobody is responding to my emails. Let me know asap.",Complaint
FYI: I really love the new dark mode theme update you recently rolled out. Let me know asap.,Feedback
"Hello, I am getting a database connection timeout error on the server. Please respond soon.",Technical Support
"In my opinion, I have not received any tracking updates for shipment #9084. What do you suggest?",Order Tracking
"To whom it may concern, I returned the item to your store, when will my refund be credited? Appreciate your help.",Refund
"To whom it may concern, I have a suggestion to improve the user interface on the settings page. This is critical.",Feedback
Please note: I wanted to leave positive feedback for Sarah who helped me resolve my issue. Best regards.,Feedback
Update: just wanted to say the support team was fantastic and super helpful! Appreciate your help.,Feedback
Quick note: I want to track the live real-time location of my package in transit.,Order Tracking
"Hello, kudos to your delivery driver who was polite, punctual, and very professional. Let me know asap.",Feedback
"Dear team, Please refund the unauthorized subscription charge on my debit card. Looking forward to hearing back.",Refund
"To whom it may concern, the webcam driver is not detected during video conferencing calls.",Technical Support
"Good afternoon, Has my order #44910 been dispatched from the fulfillment warehouse yet? This is critical.",Order Tracking
how long does it take for a bank account refund to process?,Refund
i want to cancel my flight reservation and void the airline ticket. Looking forward to hearing back.,Cancellation
"Hi, When will my order arrive at my doorstep?",Order Tracking
"Important: I returned the item to your store, when will my refund be credited? Let me know asap.",Refund
"Good afternoon, I wanted to leave positive feedback for Sarah who helped me resolve my issue. Thanks.",Feedback
Urgent: Please void this transaction and cancel my pending order right away. Best regards.,Cancellation
"Hi, I want my cashback and purchase price refunded for this broken keyboard. Please assist.",Refund
"Good afternoon, I have not received any tracking updates for shipment #9084. Please respond soon.",Order Tracking
"Actually, I want to check availability for hotel rooms between Dec 10 and Dec 15. Please assist.",Inquiry
Urgent: is it possible to upgrade my current plan to the premium tier? What do you suggest?,Inquiry
"Dear team, The mobile app crashes with error 500 whenever I click export. Looking forward to hearing back.",Technical Support
"In my opinion, can i reserve a conference room for our team meeting on friday at 3 pm? Looking forward to hearing back.",Inquiry
"Honestly, What are the system requirements for running this software on Mac? Thanks.",Inquiry
Urgent: Can I reserve a conference room for our team meeting on Friday at 3 PM? Appreciate your help.,Inquiry
"Hi, How do I book a private consultation session with an advisor? Let me know asap.",Inquiry
Notice: How can I cancel my gym membership without paying a cancellation fee?,Cancellation
"i returned the item to your store, when will my refund be credited?",Refund
"Good afternoon, the tracking number says out for delivery, what time will the courier arrive? Thanks.",Order Tracking
"Hello, Is there a free trial available for new users before purchasing? Let me know asap.",Inquiry
"Hi, i want to track the live real-time location of my package in transit. Please assist.",Order Tracking
"Hey support team, how much does the annual subscription plan cost for enterprise teams? Thank you so much.",Inquiry
"Good afternoon, I'm writing to complain about the poor quality of the item I received. Thanks.",Complaint
"Good morning, Where is my package right now? Tracking number is TRK-881920. Looking forward to hearing back.",Order Tracking
"Hey support team, Please terminate my membership and delete my account. Let me know asap.",Cancellation
"Good morning, The room was dirty, noisy, and had no hot water during our entire stay. Please assist.",Complaint
Important: I would like to cancel order #99401 before it gets shipped from the warehouse. Please respond soon.,Cancellation
"Good afternoon, Cancel my subscription before the free trial period ends.",Cancellation
Is there a free trial available for new users before purchasing? Best regards.,Inquiry
"The tracking number says out for delivery, what time will the courier arrive?",Order Tracking
"Actually, Please refund the unauthorized subscription charge on my debit card. This is critical.",Refund
"Good afternoon, the delivery was three hours late and the food was completely cold. Best regards.",Complaint
"Quick note: Thank you for the quick resolution, 5-star customer support experience! What do you suggest?",Feedback
"FYI: I returned the item to your store, when will my refund be credited? Best regards.",Refund
Notice: the webcam driver is not detected during video conferencing calls. This is critical.,Technical Support
"Important: the room was dirty, noisy, and had no hot water during our entire stay. Looking forward to hearing back.",Complaint
FYI: The Bluetooth device will not pair with my laptop despite restarting.,Technical Support
"Honestly, how much does the annual subscription plan cost for enterprise teams? Thanks.",Inquiry
"Good afternoon, Your technician did a terrible job and damaged my home wiring. Thank you so much.",Complaint
"Hi, I'm writing to complain about the poor quality of the item I received. Thanks.",Complaint
"Good afternoon, Can you provide more information about your warranty coverage policy? Let me know asap.",Inquiry
FYI: Please void this transaction and cancel my pending order right away. Thank you so much.,Cancellation
"Quick note: Please abort this order processing, I made a mistake and wish to cancel. Best regards.",Cancellation
"Honestly, Please cancel my monthly premium plan and stop all future recurring billing. Thank you so much.",Cancellation
FYI: The delivery was three hours late and the food was completely cold. Please respond soon.,Complaint
"your application is amazing, keep up the wonderful work!",Feedback
"Honestly, Do you have vegan and gluten-free options available on your dinner menu? Thank you so much.",Inquiry
When will my order arrive at my doorstep?,Order Tracking
Is it possible to upgrade my current plan to the premium tier?,Inquiry
FYI: can you check the current shipping location of order number #77102? Best regards.,Order Tracking
Quick note: What is the status of my order that I placed three days ago? Please respond soon.,Order Tracking
"Hey support team, The mobile app crashes with error 500 whenever I click export. Let me know asap.",Technical Support
"Hello, I returned the item to your store, when will my refund be credited? Let me know asap.",Refund
i want a refund for the product since it arrived damaged.,Refund
Update: How can I cancel my gym membership without paying a cancellation fee? Please respond soon.,Cancellation
What payment methods do you accept on your online checkout page?,Inquiry
"Hey support team, What payment methods do you accept on your online checkout page? Appreciate your help.",Inquiry
"To whom it may concern, Could you help me reset my account password? Best regards.",Technical Support
"Dear team, could you help me reset my account password? Please respond soon.",Technical Support
i want to cancel my flight reservation and void the airline ticket.,Cancellation
"Hello, Thank you for the quick resolution, 5-star customer support experience! Please assist.",Feedback
"Honestly, The product did not match the website description, I demand my money back. Best regards.",Refund
"Honestly, cancel my subscription before the free trial period ends. Please respond soon.",Cancellation
"Honestly, could you help me reset my account password? Appreciate your help.",Technical Support
Quick note: I would like to request a 100% money-back refund under your return policy. Please respond soon.,Refund
Update: How do I configure the SMTP email settings in the dashboard? Thank you so much.,Technical Support
"Hey support team, I was charged twice for the same transaction, please refund the duplicate fee. Please respond soon.",Refund
"Great job on the new features, they saved our team hours of work.",Feedback
"In my opinion, The screen turns completely blank and white after the recent update. Let me know asap.",Technical Support
Notice: Please cancel my monthly premium plan and stop all future recurring billing. Thank you so much.,Cancellation
i received the wrong item in my package and nobody is responding to my emails. Thank you so much.,Complaint
i'm writing to complain about the poor quality of the item i received.,Complaint
"Urgent: Great job on the new features, they saved our team hours of work. Please respond soon.",Feedback
this is the worst customer experience i have ever endured.,Complaint
"Good morning, what are the system requirements for running this software on mac? Please assist.",Inquiry
Important: Your technician did a terrible job and damaged my home wiring. Please respond soon.,Complaint
Update: How do I configure the SMTP email settings in the dashboard? Thank you so much.,Technical Support
"Please abort this order processing, I made a mistake and wish to cancel.",Cancellation
I wanted to leave positive feedback for Sarah who helped me resolve my issue.,Feedback
Important: Please issue a full refund back to my credit card immediately. Best regards.,Refund
"Hello, What are the system requirements for running this software on Mac? Thank you so much.",Inquiry
"Hi, Where is my package right now? Tracking number is TRK-881920. Appreciate your help.",Order Tracking
"To whom it may concern, I cannot log into my account, it keeps saying invalid credentials. Please respond soon.",Technical Support
"In my opinion, Please cancel my monthly premium plan and stop all future recurring billing. Best regards.",Cancellation
Please note: The mobile app crashes with error 500 whenever I click export. Thank you so much.,Technical Support
"To whom it may concern, Is there a free trial available for new users before purchasing? Looking forward to hearing back.",Inquiry
"Dear team, Can you check the current shipping location of order number #77102?",Order Tracking
"Honestly, I want to track the live real-time location of my package in transit. Appreciate your help.",Order Tracking
can i reserve a conference room for our team meeting on friday at 3 pm?,Inquiry
"Good morning, I want to check availability for hotel rooms between Dec 10 and Dec 15. Appreciate your help.",Inquiry
please terminate my membership and delete my account.,Cancellation
"Actually, what is the status of my order that i placed three days ago? Thanks.",Order Tracking
"Important: the tracking number says out for delivery, what time will the courier arrive? Thanks.",Order Tracking
"Good morning, just wanted to say the support team was fantastic and super helpful! Please assist.",Feedback
Quick note: How long does it take for a bank account refund to process? Please respond soon.,Refund
"Actually, I want to cancel my flight reservation and void the airline ticket. Please assist.",Cancellation
"Hello, i want to check availability for hotel rooms between dec 10 and dec 15. Let me know asap.",Inquiry
Urgent: Please issue a full refund back to my credit card immediately. This is critical.,Refund
"Hi, How long does it take for a bank account refund to process? What do you suggest?",Refund
"Honestly, this is the worst customer experience i have ever endured. Please assist.",Complaint
"Good morning, I am getting a database connection timeout error on the server. Looking forward to hearing back.",Technical Support
"To whom it may concern, How do I configure the SMTP email settings in the dashboard? Best regards.",Technical Support
Quick note: How do I book a private consultation session with an advisor? Appreciate your help.,Inquiry
Update: How do I configure the SMTP email settings in the dashboard? Best regards.,Technical Support
"To whom it may concern, How do I clear the browser cache and cookies to fix rendering glitches?",Technical Support
"Good morning, The product stopped working after two days, this is completely unacceptable. Please assist.",Complaint
Urgent: I received the wrong item in my package and nobody is responding to my emails. Thanks.,Complaint
"Hi, I need the tracking URL and consignment number for my recent purchase.",Order Tracking
I want to track the live real-time location of my package in transit. Thank you so much.,Order Tracking
i have not received any tracking updates for shipment #9084.,Order Tracking
"Hello, Please cancel my monthly premium plan and stop all future recurring billing. Appreciate your help.",Cancellation
"Hi, is it possible to upgrade my current plan to the premium tier? Please assist.",Inquiry
"Good afternoon, The room was dirty, noisy, and had no hot water during our entire stay. Let me know asap.",Complaint
"Good afternoon, i would like to request a 100% money-back refund under your return policy. What do you suggest?",Refund
Update: the service staff was extremely rude and unhelpful when i asked for assistance. Thanks.,Complaint
"Urgent: i was charged twice for the same transaction, please refund the duplicate fee. Please respond soon.",Refund
Can you check the current shipping location of order number #77102?,Order Tracking
"Hey support team, The webcam driver is not detected during video conferencing calls. Appreciate your help.",Technical Support
"Actually, I want to check availability for hotel rooms between Dec 10 and Dec 15. Thanks.",Inquiry
Important: My API authentication token is failing with 401 unauthorized error. Best regards.,Technical Support
"Honestly, i have a suggestion to improve the user interface on the settings page. Please respond soon.",Feedback
"In my opinion, Please abort this order processing, I made a mistake and wish to cancel. Let me know asap.",Cancellation
Please note: How do I book a private consultation session with an advisor? Please assist.,Inquiry
Quick note: I want to cancel my flight reservation and void the airline ticket. Please respond soon.,Cancellation
"Good morning, The service staff was extremely rude and unhelpful when I asked for assistance. Best regards.",Complaint
"Dear team, I want to check availability for hotel rooms between Dec 10 and Dec 15. Thanks.",Inquiry
Notice: Can I reserve a conference room for our team meeting on Friday at 3 PM?,Inquiry
"In my opinion, What payment methods do you accept on your online checkout page? Please respond soon.",Inquiry
"Good afternoon, thank you for the quick resolution, 5-star customer support experience! What do you suggest?",Feedback
Quick note: I really love the new dark mode theme update you recently rolled out. Appreciate your help.,Feedback
Update: Could you help me reset my account password? Please respond soon.,Technical Support
"To whom it may concern, Has my order #44910 been dispatched from the fulfillment warehouse yet? Please assist.",Order Tracking
"Thank you for the quick resolution, 5-star customer support experience!",Feedback
"Dear team, Please abort this order processing, I made a mistake and wish to cancel. Please assist.",Cancellation
"Hi, The mobile app crashes with error 500 whenever I click export. Please assist.",Technical Support
"Honestly, The product stopped working after two days, this is completely unacceptable. Please assist.",Complaint
"Hi, Can you tell me what your opening hours are on weekends? This is critical.",Inquiry
"In my opinion, The mobile app crashes with error 500 whenever I click export. Appreciate your help.",Technical Support
I really love the new dark mode theme update you recently rolled out. Appreciate your help.,Feedback
"Hi, How can I cancel my gym membership without paying a cancellation fee? Looking forward to hearing back.",Cancellation
"Honestly, How do I configure the SMTP email settings in the dashboard? What do you suggest?",Technical Support
Notice: What payment methods do you accept on your online checkout page? Looking forward to hearing back.,Inquiry
Notice: The delivery was three hours late and the food was completely cold. Thanks.,Complaint
Update: I want to cancel my flight reservation and void the airline ticket. This is critical.,Cancellation
Urgent: Is it possible to upgrade my current plan to the premium tier? Please assist.,Inquiry
"Honestly, I wanted to leave positive feedback for Sarah who helped me resolve my issue. Best regards.",Feedback
"Quick note: Great job on the new features, they saved our team hours of work. Please respond soon.",Feedback
"Good afternoon, where is my package right now? tracking number is trk-881920. Thank you so much.",Order Tracking
"Honestly, Please refund the unauthorized subscription charge on my debit card. Thank you so much.",Refund
"Actually, i was charged twice for the same transaction, please refund the duplicate fee. Appreciate your help.",Refund
Notice: Cancel my subscription before the free trial period ends. What do you suggest?,Cancellation
"Good morning, Is it possible to upgrade my current plan to the premium tier? Thank you so much.",Inquiry
"Quick note: the product did not match the website description, i demand my money back. Please respond soon.",Refund
"Good afternoon, I want to track the live real-time location of my package in transit. Please respond soon.",Order Tracking
"To whom it may concern, what are the system requirements for running this software on mac? What do you suggest?",Inquiry
"Hey support team, The room was dirty, noisy, and had no hot water during our entire stay. Appreciate your help.",Complaint
"Actually, How do I clear the browser cache and cookies to fix rendering glitches? Thank you so much.",Technical Support
"Honestly, what is the status of my order that i placed three days ago? Thank you so much.",Order Tracking
"Actually, could you tell me which courier service is handling the delivery of my parcel? Appreciate your help.",Order Tracking
the screen turns completely blank and white after the recent update.,Technical Support
"In my opinion, I'm writing to complain about the poor quality of the item I received. Thanks.",Complaint
"Please note: Kudos to your delivery driver who was polite, punctual, and very professional. Please assist.",Feedback
"Dear team, I'm writing to complain about the poor quality of the item I received. This is critical.",Complaint
"In my opinion, I wanted to share some feedback regarding your recent software release. Please assist.",Feedback
"Dear team, i wanted to share some feedback regarding your recent software release. This is critical.",Feedback
Update: Can you provide more information about your warranty coverage policy? Looking forward to hearing back.,Inquiry
i want to make a reservation for two guests at 7:30 pm tonight.,Inquiry
Important: Can you tell me what your opening hours are on weekends? Best regards.,Inquiry
"Actually, I want to cancel my flight reservation and void the airline ticket. Thanks.",Cancellation
Update: could you tell me if this winter jacket comes in size extra large? Please respond soon.,Inquiry
"Dear team, The room was dirty, noisy, and had no hot water during our entire stay. Thank you so much.",Complaint
"Hey support team, can you provide more information about your warranty coverage policy?",Inquiry
Please note: I have not received any tracking updates for shipment #9084. What do you suggest?,Order Tracking
"Good afternoon, Please terminate my membership and delete my account. Looking forward to hearing back.",Cancellation
"Hi, I'm writing to complain about the poor quality of the item I received. Thanks.",Complaint
I am getting a database connection timeout error on the server. Let me know asap.,Technical Support
"Hey support team, i wanted to share some feedback regarding your recent software release. Please respond soon.",Feedback
"Honestly, How do I book a private consultation session with an advisor? Let me know asap.",Inquiry
"Hello, Is there a free trial available for new users before purchasing? Looking forward to hearing back.",Inquiry
"Dear team, Where is my package right now? Tracking number is TRK-881920. Best regards.",Order Tracking
Update: I want to track the live real-time location of my package in transit. Thanks.,Order Tracking
"Dear team, The product did not match the website description, I demand my money back. What do you suggest?",Refund
Notice: When will my order arrive at my doorstep? Best regards.,Order Tracking
i wanted to share some feedback regarding your recent software release.,Feedback
"Hey support team, Do you offer international shipping to Canada and the United Kingdom? Thank you so much.",Inquiry
"Actually, How do I clear the browser cache and cookies to fix rendering glitches? Please assist.",Technical Support
Update: please cancel my monthly premium plan and stop all future recurring billing. Thank you so much.,Cancellation
Please note: Please issue a full refund back to my credit card immediately. Please respond soon.,Refund
Important: I'm writing to complain about the poor quality of the item I received. Let me know asap.,Complaint
"Hello, How long does it take for a bank account refund to process? Looking forward to hearing back.",Refund
Please note: the screen turns completely blank and white after the recent update. What do you suggest?,Technical Support
Urgent: Please issue a full refund back to my credit card immediately. What do you suggest?,Refund
please refund the unauthorized subscription charge on my debit card.,Refund
"To whom it may concern, How much does the annual subscription plan cost for enterprise teams? Thanks.",Inquiry
Update: what is the status of my order that i placed three days ago? Thanks.,Order Tracking
Quick note: The screen turns completely blank and white after the recent update. Thanks.,Technical Support
the service staff was extremely rude and unhelpful when i asked for assistance.,Complaint
can you provide more information about your warranty coverage policy?,Inquiry
Quick note: Is there a free trial available for new users before purchasing? Thanks.,Inquiry
FYI: I have a suggestion to improve the user interface on the settings page. Best regards.,Feedback
"Hello, has my order #44910 been dispatched from the fulfillment warehouse yet? Please respond soon.",Order Tracking
"I was charged twice for the same transaction, please refund the duplicate fee.",Refund
Quick note: When will my order arrive at my doorstep? Let me know asap.,Order Tracking
Please void this transaction and cancel my pending order right away. Thank you so much.,Cancellation
Do you offer international shipping to Canada and the United Kingdom? Please assist.,Inquiry
"Good morning, do you have vegan and gluten-free options available on your dinner menu? Thanks.",Inquiry
"Good afternoon, I need the tracking URL and consignment number for my recent purchase. Please respond soon.",Order Tracking
"Hi, I received the wrong item in my package and nobody is responding to my emails. What do you suggest?",Complaint
"Dear team, I need the tracking URL and consignment number for my recent purchase. Best regards.",Order Tracking
i'd like to schedule an appointment with a specialist next week.,Inquiry
"Actually, the product stopped working after two days, this is completely unacceptable. Thank you so much.",Complaint
"Hey support team, The Bluetooth device will not pair with my laptop despite restarting. What do you suggest?",Technical Support
Update: Do you have vegan and gluten-free options available on your dinner menu? Looking forward to hearing back.,Inquiry
"Hello, what are the system requirements for running this software on mac? Appreciate your help.",Inquiry
"In my opinion, Kudos to your delivery driver who was polite, punctual, and very professional. Thank you so much.",Feedback
"Important: the product stopped working after two days, this is completely unacceptable. Thanks.",Complaint
"Dear team, Please abort this order processing, I made a mistake and wish to cancel. What do you suggest?",Cancellation
Has my order #44910 been dispatched from the fulfillment warehouse yet?,Order Tracking
"your application is amazing, keep up the wonderful work! Thanks.",Feedback
Update: How long does it take for a bank account refund to process? Thank you so much.,Refund
"Good afternoon, I wanted to leave positive feedback for Sarah who helped me resolve my issue. Please assist.",Feedback
FYI: Please refund the unauthorized subscription charge on my debit card. This is critical.,Refund
"Quick note: The tracking number says out for delivery, what time will the courier arrive? What do you suggest?",Order Tracking
the mobile app crashes with error 500 whenever i click export.,Technical Support
"Honestly, how long does it take for a bank account refund to process? Thanks.",Refund
the mobile app crashes with error 500 whenever i click export. What do you suggest?,Technical Support
i have a suggestion to improve the user interface on the settings page.,Feedback
"Please note: The product did not match the website description, I demand my money back. Best regards.",Refund
i am very unhappy with the substandard service provided by your company. Looking forward to hearing back.,Complaint
FYI: how long does it take for a bank account refund to process? Thanks.,Refund
"Hey support team, I have a suggestion to improve the user interface on the settings page. Appreciate your help.",Feedback
"Good afternoon, I want to make a reservation for two guests at 7:30 PM tonight. Looking forward to hearing back.",Inquiry
"Hello, Please issue a full refund back to my credit card immediately. Please assist.",Refund
"Honestly, I have a suggestion to improve the user interface on the settings page. Looking forward to hearing back.",Feedback
Urgent: how do i clear the browser cache and cookies to fix rendering glitches? Let me know asap.,Technical Support
i want to cancel my subscription effective immediately. What do you suggest?,Cancellation
FYI: What are the system requirements for running this software on Mac? Thanks.,Inquiry
"Hello, I am getting a database connection timeout error on the server. Thanks.",Technical Support
"To whom it may concern, The product stopped working after two days, this is completely unacceptable. Thanks.",Complaint
please void this transaction and cancel my pending order right away.,Cancellation
"Good afternoon, Can I reserve a conference room for our team meeting on Friday at 3 PM? Thank you so much.",Inquiry
"Honestly, The screen turns completely blank and white after the recent update. Thank you so much.",Technical Support
"Good afternoon, I want to make a reservation for two guests at 7:30 PM tonight. Best regards.",Inquiry
Please note: Please terminate my membership and delete my account. Let me know asap.,Cancellation
Update: Cancel my subscription before the free trial period ends. This is critical.,Cancellation
Please note: What payment methods do you accept on your online checkout page? Please assist.,Inquiry
"Actually, i need the tracking url and consignment number for my recent purchase. Thanks.",Order Tracking
Notice: Just wanted to say the support team was fantastic and super helpful! What do you suggest?,Feedback
FYI: could you tell me if this winter jacket comes in size extra large? This is critical.,Inquiry
"Good morning, the tracking number says out for delivery, what time will the courier arrive? Thanks.",Order Tracking
"Actually, Just wanted to say the support team was fantastic and super helpful! What do you suggest?",Feedback
"To whom it may concern, I am getting a database connection timeout error on the server. Thanks.",Technical Support
I have not received any tracking updates for shipment #9084.,Order Tracking
"Hello, i want to track the live real-time location of my package in transit. What do you suggest?",Order Tracking
Please note: I am very unhappy with the substandard service provided by your company. Thanks.,Complaint
how do i book a private consultation session with an advisor?,Inquiry
Urgent: I have a suggestion to improve the user interface on the settings page. Please assist.,Feedback
"Dear team, i would like to cancel order #99401 before it gets shipped from the warehouse. What do you suggest?",Cancellation
"In my opinion, could you tell me which courier service is handling the delivery of my parcel? What do you suggest?",Order Tracking
Notice: This is the worst customer experience I have ever endured. Best regards.,Complaint
"To whom it may concern, Could you help me reset my account password? This is critical.",Technical Support
"Hey support team, how do i book a private consultation session with an advisor? What do you suggest?",Inquiry
Notice: When will my order arrive at my doorstep?,Order Tracking
"the product did not match the website description, i demand my money back.",Refund
Quick note: What are the system requirements for running this software on Mac? Let me know asap.,Inquiry
I want to make a reservation for two guests at 7:30 PM tonight.,Inquiry
"great job on the new features, they saved our team hours of work. Looking forward to hearing back.",Feedback
"Update: Kudos to your delivery driver who was polite, punctual, and very professional. Looking forward to hearing back.",Feedback
"Good morning, Your technician did a terrible job and damaged my home wiring. Let me know asap.",Complaint
"Hello, The product stopped working after two days, this is completely unacceptable. Thank you so much.",Complaint
"Hello, i have been waiting on hold for 45 minutes without anyone answering my call. Appreciate your help.",Complaint
How can I cancel my gym membership without paying a cancellation fee? Let me know asap.,Cancellation
"Hey support team, Can you check the current shipping location of order number #77102? Appreciate your help.",Order Tracking
"Dear team, Please refund the unauthorized subscription charge on my debit card. Looking forward to hearing back.",Refund
Quick note: how much does the annual subscription plan cost for enterprise teams? Best regards.,Inquiry
"In my opinion, Please void this transaction and cancel my pending order right away. Looking forward to hearing back.",Cancellation
"Dear team, Could you tell me which courier service is handling the delivery of my parcel? Looking forward to hearing back.",Order Tracking
I want to track the live real-time location of my package in transit.,Order Tracking
I want my cashback and purchase price refunded for this broken keyboard.,Refund
"Hi, I want to cancel my subscription effective immediately. What do you suggest?",Cancellation
"Hi, I have not received any tracking updates for shipment #9084. Please respond soon.",Order Tracking
"In my opinion, I returned the item to your store, when will my refund be credited? What do you suggest?",Refund
"To whom it may concern, i'd like to book a table for four people this saturday evening. What do you suggest?",Inquiry
"Urgent: Your application is amazing, keep up the wonderful work! Please respond soon.",Feedback
Notice: The delivery was three hours late and the food was completely cold. This is critical.,Complaint
"Dear team, I wanted to leave positive feedback for Sarah who helped me resolve my issue. Let me know asap.",Feedback
"Hello, i was charged twice for the same transaction, please refund the duplicate fee. Please assist.",Refund
"In my opinion, how do i book a private consultation session with an advisor?",Inquiry
"Honestly, Can you check the current shipping location of order number #77102? Looking forward to hearing back.",Order Tracking
I want to make a reservation for two guests at 7:30 PM tonight. Let me know asap.,Inquiry
"Actually, What is the status of my order that I placed three days ago?",Order Tracking
"Actually, How long does it take for a bank account refund to process? Looking forward to hearing back.",Refund
"Good afternoon, What are the system requirements for running this software on Mac?",Inquiry
"Hi, Kudos to your delivery driver who was polite, punctual, and very professional.",Feedback
"Important: I cannot log into my account, it keeps saying invalid credentials. Please respond soon.",Technical Support
"Hey support team, your technician did a terrible job and damaged my home wiring. What do you suggest?",Complaint
Important: i am getting a database connection timeout error on the server. Please respond soon.,Technical Support
"Good morning, I received the wrong item in my package and nobody is responding to my emails. Let me know asap.",Complaint
"Update: I cannot log into my account, it keeps saying invalid credentials. Let me know asap.",Technical Support
Update: Could you tell me which courier service is handling the delivery of my parcel? Please respond soon.,Order Tracking
"Hi, Great job on the new features, they saved our team hours of work. What do you suggest?",Feedback
"Good afternoon, I wanted to leave positive feedback for Sarah who helped me resolve my issue. This is critical.",Feedback
"Notice: The tracking number says out for delivery, what time will the courier arrive? Thanks.",Order Tracking
"The room was dirty, noisy, and had no hot water during our entire stay. Thanks.",Complaint
Has my order #44910 been dispatched from the fulfillment warehouse yet? Please assist.,Order Tracking
Please note: how long does it take for a bank account refund to process? Looking forward to hearing back.,Refund
"Honestly, Thank you for the quick resolution, 5-star customer support experience! Let me know asap.",Feedback
"Good morning, When will my order arrive at my doorstep? Looking forward to hearing back.",Order Tracking
"In my opinion, please abort this order processing, i made a mistake and wish to cancel. This is critical.",Cancellation
the webcam driver is not detected during video conferencing calls.,Technical Support
"the product stopped working after two days, this is completely unacceptable. This is critical.",Complaint
Quick note: I need the tracking URL and consignment number for my recent purchase.,Order Tracking
Quick note: can you tell me what your opening hours are on weekends? Please assist.,Inquiry
Urgent: The webcam driver is not detected during video conferencing calls.,Technical Support
Update: I want to cancel my flight reservation and void the airline ticket. Thank you so much.,Cancellation
I want to check availability for hotel rooms between Dec 10 and Dec 15.,Inquiry
I am very unhappy with the substandard service provided by your company.,Complaint
The delivery was three hours late and the food was completely cold.,Complaint
Notice: do you offer international shipping to canada and the united kingdom? Thanks.,Inquiry
"Hi, The webcam driver is not detected during video conferencing calls. Thank you so much.",Technical Support
"Good morning, i want a refund for the product since it arrived damaged. Appreciate your help.",Refund
"Honestly, Please abort this order processing, I made a mistake and wish to cancel. Looking forward to hearing back.",Cancellation
"Good afternoon, i wanted to share some feedback regarding your recent software release. Thanks.",Feedback
Urgent: how can i cancel my gym membership without paying a cancellation fee?,Cancellation
"i cannot log into my account, it keeps saying invalid credentials.",Technical Support
"To whom it may concern, Could you tell me if this winter jacket comes in size extra large? Please respond soon.",Inquiry
"i returned the item to your store, when will my refund be credited? Appreciate your help.",Refund
I have a suggestion to improve the user interface on the settings page. Please respond soon.,Feedback
i want to check availability for hotel rooms between dec 10 and dec 15.,Inquiry
FYI: I want to make a reservation for two guests at 7:30 PM tonight. Please respond soon.,Inquiry
"Hello, your application is amazing, keep up the wonderful work! Thank you so much.",Feedback
can you tell me what your opening hours are on weekends?,Inquiry
Quick note: the service staff was extremely rude and unhelpful when i asked for assistance. Best regards.,Complaint
"In my opinion, My API authentication token is failing with 401 unauthorized error. Please assist.",Technical Support
"To whom it may concern, I was charged twice for the same transaction, please refund the duplicate fee. Appreciate your help.",Refund
Please note: do you have vegan and gluten-free options available on your dinner menu? This is critical.,Inquiry
"Important: Your application is amazing, keep up the wonderful work! Please assist.",Feedback
Urgent: i need the tracking url and consignment number for my recent purchase. Best regards.,Order Tracking
"Honestly, I'd like to schedule an appointment with a specialist next week. Thanks.",Inquiry
"Notice: i was charged twice for the same transaction, please refund the duplicate fee. What do you suggest?",Refund
"Hello, I am getting a database connection timeout error on the server. Thank you so much.",Technical Support
"Honestly, I am very unhappy with the substandard service provided by your company. What do you suggest?",Complaint
Update: is there a free trial available for new users before purchasing?,Inquiry
"Honestly, I would like to cancel order #99401 before it gets shipped from the warehouse. Appreciate your help.",Cancellation
"Hi, I would like to cancel order #99401 before it gets shipped from the warehouse. Let me know asap.",Cancellation
"Dear team, I really love the new dark mode theme update you recently rolled out. Please respond soon.",Feedback
"Dear team, I want to make a reservation for two guests at 7:30 PM tonight. Looking forward to hearing back.",Inquiry
"I cannot log into my account, it keeps saying invalid credentials.",Technical Support
"Hey support team, I have not received any tracking updates for shipment #9084. Looking forward to hearing back.",Order Tracking
Update: Just wanted to say the support team was fantastic and super helpful! Please respond soon.,Feedback
Urgent: I'd like to schedule an appointment with a specialist next week. Thank you so much.,Inquiry
"Hi, I would like to request a 100% money-back refund under your return policy. Please assist.",Refund
"Actually, I would like to cancel order #99401 before it gets shipped from the warehouse. Best regards.",Cancellation
"Hi, The tracking number says out for delivery, what time will the courier arrive? Appreciate your help.",Order Tracking
Notice: Where is my package right now? Tracking number is TRK-881920. Thank you so much.,Order Tracking
I want a refund for the product since it arrived damaged.,Refund
the bluetooth device will not pair with my laptop despite restarting.,Technical Support
Update: The mobile app crashes with error 500 whenever I click export. Thank you so much.,Technical Support
Please note: I have not received any tracking updates for shipment #9084. This is critical.,Order Tracking
Important: Is there a free trial available for new users before purchasing? Thank you so much.,Inquiry
FYI: what payment methods do you accept on your online checkout page? This is critical.,Inquiry
"To whom it may concern, I really love the new dark mode theme update you recently rolled out. What do you suggest?",Feedback
"Hello, Please void this transaction and cancel my pending order right away. Thanks.",Cancellation
I would like to cancel order #99401 before it gets shipped from the warehouse.,Cancellation
Important: Please issue a full refund back to my credit card immediately. Best regards.,Refund
Please refund the unauthorized subscription charge on my debit card. Please respond soon.,Refund
Please note: The delivery was three hours late and the food was completely cold. Please respond soon.,Complaint
I want to cancel my flight reservation and void the airline ticket.,Cancellation
"Good morning, Is there a free trial available for new users before purchasing?",Inquiry
How do I book a private consultation session with an advisor?,Inquiry
"Notice: Your application is amazing, keep up the wonderful work! Let me know asap.",Feedback
How do I clear the browser cache and cookies to fix rendering glitches?,Technical Support
"Honestly, The screen turns completely blank and white after the recent update. Please respond soon.",Technical Support
how can i cancel my gym membership without paying a cancellation fee?,Cancellation
Notice: I want a refund for the product since it arrived damaged. Please assist.,Refund
"Actually, I am getting a database connection timeout error on the server. Thank you so much.",Technical Support
FYI: How much does the annual subscription plan cost for enterprise teams? Best regards.,Inquiry
"Honestly, please refund the unauthorized subscription charge on my debit card. What do you suggest?",Refund
"Good afternoon, Where is my package right now? Tracking number is TRK-881920. Thank you so much.",Order Tracking
"Hi, Just wanted to say the support team was fantastic and super helpful! Thank you so much.",Feedback
"Important: i cannot log into my account, it keeps saying invalid credentials. Please respond soon.",Technical Support
"Good afternoon, i want a refund for the product since it arrived damaged. This is critical.",Refund
Important: please refund the unauthorized subscription charge on my debit card. Thanks.,Refund
FYI: how do i configure the smtp email settings in the dashboard? Thanks.,Technical Support
"Hello, I want to check availability for hotel rooms between Dec 10 and Dec 15. Please assist.",Inquiry
I'd like to book a table for four people this Saturday evening. This is critical.,Inquiry
The mobile app crashes with error 500 whenever I click export.,Technical Support
"Actually, The Bluetooth device will not pair with my laptop despite restarting. Best regards.",Technical Support
"Hello, Is it possible to upgrade my current plan to the premium tier?",Inquiry
Important: I'd like to book a table for four people this Saturday evening. Best regards.,Inquiry
"Good morning, I would like to cancel order #99401 before it gets shipped from the warehouse. Please respond soon.",Cancellation
Notice: I have not received any tracking updates for shipment #9084. This is critical.,Order Tracking
"To whom it may concern, Can you check the current shipping location of order number #77102? Thank you so much.",Order Tracking
"Actually, I cannot log into my account, it keeps saying invalid credentials. Please respond soon.",Technical Support
Urgent: i'm writing to complain about the poor quality of the item i received. Looking forward to hearing back.,Complaint
Please issue a full refund back to my credit card immediately.,Refund
"Hi, The product did not match the website description, I demand my money back. This is critical.",Refund
Update: i wanted to share some feedback regarding your recent software release. Let me know asap.,Feedback
Quick note: This is the worst customer experience I have ever endured. What do you suggest?,Complaint
"Hi, i am very unhappy with the substandard service provided by your company. Thanks.",Complaint
"Important: Thank you for the quick resolution, 5-star customer support experience! Best regards.",Feedback
when will my order arrive at my doorstep?,Order Tracking
"Good morning, I want a refund for the product since it arrived damaged. Let me know asap.",Refund
Please note: i want to check availability for hotel rooms between dec 10 and dec 15. Let me know asap.,Inquiry
"Good afternoon, I want my cashback and purchase price refunded for this broken keyboard. Let me know asap.",Refund
"Good morning, could you tell me if this winter jacket comes in size extra large? Looking forward to hearing back.",Inquiry
"In my opinion, Do you offer international shipping to Canada and the United Kingdom? This is critical.",Inquiry
"Hey support team, Please void this transaction and cancel my pending order right away. Please respond soon.",Cancellation
Quick note: How much does the annual subscription plan cost for enterprise teams? Looking forward to hearing back.,Inquiry
"Dear team, do you have vegan and gluten-free options available on your dinner menu? Thanks.",Inquiry
Notice: I'm writing to complain about the poor quality of the item I received. This is critical.,Complaint
Notice: i wanted to leave positive feedback for sarah who helped me resolve my issue. Thanks.,Feedback
I want to cancel my subscription effective immediately.,Cancellation
"Hi, Please void this transaction and cancel my pending order right away.",Cancellation
"To whom it may concern, I'd like to book a table for four people this Saturday evening. Please assist.",Inquiry
FYI: I want my cashback and purchase price refunded for this broken keyboard. Thanks.,Refund
"Honestly, Cancel my subscription before the free trial period ends. This is critical.",Cancellation
Urgent: Please void this transaction and cancel my pending order right away. Thanks.,Cancellation
"Hello, has my order #44910 been dispatched from the fulfillment warehouse yet?",Order Tracking
Please note: I'd like to book a table for four people this Saturday evening. Best regards.,Inquiry
"Good morning, I want a refund for the product since it arrived damaged. Looking forward to hearing back.",Refund
Important: i have been waiting on hold for 45 minutes without anyone answering my call. Looking forward to hearing back.,Complaint
"Urgent: The room was dirty, noisy, and had no hot water during our entire stay.",Complaint
"Kudos to your delivery driver who was polite, punctual, and very professional.",Feedback
could you tell me if this winter jacket comes in size extra large?,Inquiry
"Hi, I have a suggestion to improve the user interface on the settings page. Let me know asap.",Feedback
just wanted to say the support team was fantastic and super helpful!,Feedback
"To whom it may concern, The product stopped working after two days, this is completely unacceptable. This is critical.",Complaint
"Actually, please void this transaction and cancel my pending order right away. Appreciate your help.",Cancellation
"In my opinion, The service staff was extremely rude and unhelpful when I asked for assistance. Thanks.",Complaint
"FYI: The tracking number says out for delivery, what time will the courier arrive? Looking forward to hearing back.",Order Tracking
Do you have vegan and gluten-free options available on your dinner menu?,Inquiry
Quick note: How can I cancel my gym membership without paying a cancellation fee? Let me know asap.,Cancellation
"Actually, I want to cancel my subscription effective immediately. Best regards.",Cancellation
"Update: The product stopped working after two days, this is completely unacceptable. Best regards.",Complaint
"Good afternoon, My API authentication token is failing with 401 unauthorized error. Best regards.",Technical Support
"In my opinion, Cancel my subscription before the free trial period ends. Appreciate your help.",Cancellation
The Bluetooth device will not pair with my laptop despite restarting.,Technical Support
Quick note: The delivery was three hours late and the food was completely cold. What do you suggest?,Complaint
I wanted to share some feedback regarding your recent software release.,Feedback
FYI: Could you help me reset my account password? Thank you so much.,Technical Support
"To whom it may concern, i am getting a database connection timeout error on the server. This is critical.",Technical Support
"Good morning, I'd like to schedule an appointment with a specialist next week. Best regards.",Inquiry
i really love the new dark mode theme update you recently rolled out.,Feedback
"Hello, I wanted to share some feedback regarding your recent software release. Let me know asap.",Feedback
could you tell me which courier service is handling the delivery of my parcel?,Order Tracking
Important: What payment methods do you accept on your online checkout page? Thanks.,Inquiry
"Hi, I'd like to book a table for four people this Saturday evening. Looking forward to hearing back.",Inquiry
"Dear team, i am very unhappy with the substandard service provided by your company. Thank you so much.",Complaint
"To whom it may concern, I wanted to share some feedback regarding your recent software release. Appreciate your help.",Feedback
FYI: I'd like to schedule an appointment with a specialist next week. Best regards.,Inquiry
Please note: The screen turns completely blank and white after the recent update. Please respond soon.,Technical Support
How do I configure the SMTP email settings in the dashboard? Thank you so much.,Technical Support
"Hey support team, I want my cashback and purchase price refunded for this broken keyboard. Thank you so much.",Refund
Please note: I need the tracking URL and consignment number for my recent purchase. Let me know asap.,Order Tracking
I want to cancel my flight reservation and void the airline ticket.,Cancellation
"In my opinion, Where is my package right now? Tracking number is TRK-881920. Please assist.",Order Tracking
Update: Can you provide more information about your warranty coverage policy? Thanks.,Inquiry
how do i configure the smtp email settings in the dashboard?,Technical Support
"Hi, when will my order arrive at my doorstep? Appreciate your help.",Order Tracking
Important: How long does it take for a bank account refund to process? This is critical.,Refund
"Hey support team, i received the wrong item in my package and nobody is responding to my emails. Looking forward to hearing back.",Complaint
is it possible to upgrade my current plan to the premium tier?,Inquiry
"Actually, What are the system requirements for running this software on Mac? What do you suggest?",Inquiry
Urgent: How much does the annual subscription plan cost for enterprise teams? Please respond soon.,Inquiry
"Actually, The Bluetooth device will not pair with my laptop despite restarting. This is critical.",Technical Support
"Hi, just wanted to say the support team was fantastic and super helpful! Thanks.",Feedback
"Good afternoon, I want to cancel my subscription effective immediately. Appreciate your help.",Cancellation
Urgent: can you check the current shipping location of order number #77102? Looking forward to hearing back.,Order Tracking
"Good morning, The Bluetooth device will not pair with my laptop despite restarting. Thank you so much.",Technical Support
"To whom it may concern, The mobile app crashes with error 500 whenever I click export. Let me know asap.",Technical Support
"Honestly, i would like to cancel order #99401 before it gets shipped from the warehouse. Let me know asap.",Cancellation
"Honestly, Can I reserve a conference room for our team meeting on Friday at 3 PM? Thank you so much.",Inquiry
"thank you for the quick resolution, 5-star customer support experience!",Feedback
"Actually, The tracking number says out for delivery, what time will the courier arrive? Best regards.",Order Tracking
"Hey support team, cancel my subscription before the free trial period ends. Thank you so much.",Cancellation
"Hi, i received the wrong item in my package and nobody is responding to my emails.",Complaint
"To whom it may concern, How long does it take for a bank account refund to process? Thank you so much.",Refund
"Great job on the new features, they saved our team hours of work. Appreciate your help.",Feedback
Notice: I would like to cancel order #99401 before it gets shipped from the warehouse. Best regards.,Cancellation
"great job on the new features, they saved our team hours of work.",Feedback
What is the status of my order that I placed three days ago? Appreciate your help.,Order Tracking
"Important: Kudos to your delivery driver who was polite, punctual, and very professional. Thank you so much.",Feedback
"In my opinion, Please terminate my membership and delete my account. Please assist.",Cancellation
"Good afternoon, I cannot log into my account, it keeps saying invalid credentials. Please respond soon.",Technical Support
Urgent: I need the tracking URL and consignment number for my recent purchase. What do you suggest?,Order Tracking
Please note: what payment methods do you accept on your online checkout page? Best regards.,Inquiry
"Hello, I want a refund for the product since it arrived damaged.",Refund
please cancel my monthly premium plan and stop all future recurring billing.,Cancellation
"Good morning, The delivery was three hours late and the food was completely cold. Thank you so much.",Complaint
"To whom it may concern, my api authentication token is failing with 401 unauthorized error. This is critical.",Technical Support
"To whom it may concern, I have been waiting on hold for 45 minutes without anyone answering my call. What do you suggest?",Complaint
Quick note: I'd like to schedule an appointment with a specialist next week.,Inquiry
Please note: Please cancel my monthly premium plan and stop all future recurring billing. Best regards.,Cancellation
"Hey support team, Thank you for the quick resolution, 5-star customer support experience! This is critical.",Feedback
"FYI: Your application is amazing, keep up the wonderful work! Please assist.",Feedback
"To whom it may concern, I was charged twice for the same transaction, please refund the duplicate fee. This is critical.",Refund
"To whom it may concern, My API authentication token is failing with 401 unauthorized error. Let me know asap.",Technical Support
"the tracking number says out for delivery, what time will the courier arrive?",Order Tracking
do you offer international shipping to canada and the united kingdom?,Inquiry
"Good morning, Kudos to your delivery driver who was polite, punctual, and very professional. Looking forward to hearing back.",Feedback
"Good morning, I cannot log into my account, it keeps saying invalid credentials. What do you suggest?",Technical Support
My API authentication token is failing with 401 unauthorized error. Please respond soon.,Technical Support
"Actually, What is the status of my order that I placed three days ago? Appreciate your help.",Order Tracking
"Hey support team, i have not received any tracking updates for shipment #9084.",Order Tracking
Urgent: The webcam driver is not detected during video conferencing calls. Thank you so much.,Technical Support
"Good afternoon, Your technician did a terrible job and damaged my home wiring. Best regards.",Complaint
FYI: How do I book a private consultation session with an advisor? Appreciate your help.,Inquiry
Can I reserve a conference room for our team meeting on Friday at 3 PM?,Inquiry
"In my opinion, I want to cancel my flight reservation and void the airline ticket. Thanks.",Cancellation
"Hi, I want to cancel my flight reservation and void the airline ticket. Please respond soon.",Cancellation
"Honestly, Your application is amazing, keep up the wonderful work! Let me know asap.",Feedback
could you help me reset my account password?,Technical Support
"Dear team, please issue a full refund back to my credit card immediately. Appreciate your help.",Refund
"To whom it may concern, Do you offer international shipping to Canada and the United Kingdom? What do you suggest?",Inquiry
"Honestly, i want my cashback and purchase price refunded for this broken keyboard. Appreciate your help.",Refund
"Good morning, the product did not match the website description, i demand my money back. Best regards.",Refund
"Good afternoon, This is the worst customer experience I have ever endured. Best regards.",Complaint
Important: How much does the annual subscription plan cost for enterprise teams? Thanks.,Inquiry
"Hey support team, I want to cancel my flight reservation and void the airline ticket. What do you suggest?",Cancellation
"Dear team, I wanted to share some feedback regarding your recent software release. Looking forward to hearing back.",Feedback
Can I reserve a conference room for our team meeting on Friday at 3 PM? Looking forward to hearing back.,Inquiry
"Please abort this order processing, I made a mistake and wish to cancel. Looking forward to hearing back.",Cancellation
"Honestly, Where is my package right now? Tracking number is TRK-881920. What do you suggest?",Order Tracking
"Update: The product did not match the website description, I demand my money back. What do you suggest?",Refund
The screen turns completely blank and white after the recent update. What do you suggest?,Technical Support
"Hi, How do I book a private consultation session with an advisor? Please respond soon.",Inquiry
"Honestly, Do you have vegan and gluten-free options available on your dinner menu? Please assist.",Inquiry
"Thank you for the quick resolution, 5-star customer support experience! What do you suggest?",Feedback
Quick note: the delivery was three hours late and the food was completely cold. This is critical.,Complaint
"Good afternoon, I'd like to book a table for four people this Saturday evening. Please respond soon.",Inquiry
Where is my package right now? Tracking number is TRK-881920.,Order Tracking
"Good afternoon, how can i cancel my gym membership without paying a cancellation fee?",Cancellation
"Good afternoon, i was charged twice for the same transaction, please refund the duplicate fee. Let me know asap.",Refund
FYI: The webcam driver is not detected during video conferencing calls.,Technical Support
"To whom it may concern, Your technician did a terrible job and damaged my home wiring. Thank you so much.",Complaint
"To whom it may concern, I am very unhappy with the substandard service provided by your company. Appreciate your help.",Complaint
Quick note: What are the system requirements for running this software on Mac? What do you suggest?,Inquiry
"Good afternoon, Thank you for the quick resolution, 5-star customer support experience! Please assist.",Feedback
"Honestly, Do you have vegan and gluten-free options available on your dinner menu? Thanks.",Inquiry
Please issue a full refund back to my credit card immediately. Thanks.,Refund
"Dear team, Just wanted to say the support team was fantastic and super helpful! Thank you so much.",Feedback
"To whom it may concern, I received the wrong item in my package and nobody is responding to my emails. This is critical.",Complaint
"Honestly, Do you offer international shipping to Canada and the United Kingdom? This is critical.",Inquiry
Please note: I really love the new dark mode theme update you recently rolled out. Please respond soon.,Feedback
"Good morning, i have been waiting on hold for 45 minutes without anyone answering my call. Looking forward to hearing back.",Complaint
"Actually, I want to make a reservation for two guests at 7:30 PM tonight. Thanks.",Inquiry
"Good afternoon, i'd like to schedule an appointment with a specialist next week. What do you suggest?",Inquiry
Important: is there a free trial available for new users before purchasing? Best regards.,Inquiry
"Actually, What is the status of my order that I placed three days ago? Thank you so much.",Order Tracking
"To whom it may concern, I want to check availability for hotel rooms between Dec 10 and Dec 15. Let me know asap.",Inquiry
i have been waiting on hold for 45 minutes without anyone answering my call.,Complaint
"Actually, please issue a full refund back to my credit card immediately. Let me know asap.",Refund
FYI: Is it possible to upgrade my current plan to the premium tier? Looking forward to hearing back.,Inquiry
Important: The mobile app crashes with error 500 whenever I click export. Thank you so much.,Technical Support
"Notice: Your application is amazing, keep up the wonderful work! Thanks.",Feedback
"please abort this order processing, i made a mistake and wish to cancel.",Cancellation
Notice: has my order #44910 been dispatched from the fulfillment warehouse yet? Let me know asap.,Order Tracking
"In my opinion, i need the tracking url and consignment number for my recent purchase. Please assist.",Order Tracking
i'd like to book a table for four people this saturday evening.,Inquiry
"Hi, How can I cancel my gym membership without paying a cancellation fee? Please respond soon.",Cancellation
Quick note: What is the status of my order that I placed three days ago? Let me know asap.,Order Tracking
Please note: I received the wrong item in my package and nobody is responding to my emails. Let me know asap.,Complaint
I have a suggestion to improve the user interface on the settings page.,Feedback
"kudos to your delivery driver who was polite, punctual, and very professional.",Feedback
I received the wrong item in my package and nobody is responding to my emails.,Complaint
"Hey support team, Please cancel my monthly premium plan and stop all future recurring billing.",Cancellation
"Hey support team, Do you have vegan and gluten-free options available on your dinner menu? What do you suggest?",Inquiry
"Hello, I need the tracking URL and consignment number for my recent purchase. Please assist.",Order Tracking
"Honestly, Could you help me reset my account password?",Technical Support
the delivery was three hours late and the food was completely cold.,Complaint
is there a free trial available for new users before purchasing?,Inquiry
"Good morning, When will my order arrive at my doorstep? Best regards.",Order Tracking
Please cancel my monthly premium plan and stop all future recurring billing.,Cancellation
"Important: i was charged twice for the same transaction, please refund the duplicate fee. Let me know asap.",Refund
Could you tell me which courier service is handling the delivery of my parcel?,Order Tracking
"Hi, This is the worst customer experience I have ever endured. This is critical.",Complaint
"Good morning, Is it possible to upgrade my current plan to the premium tier? Best regards.",Inquiry
"FYI: The tracking number says out for delivery, what time will the courier arrive? Please respond soon.",Order Tracking
FYI: how do i clear the browser cache and cookies to fix rendering glitches? Appreciate your help.,Technical Support
FYI: has my order #44910 been dispatched from the fulfillment warehouse yet? Let me know asap.,Order Tracking
"Actually, thank you for the quick resolution, 5-star customer support experience! Best regards.",Feedback
i am getting a database connection timeout error on the server.,Technical Support
Important: I want my cashback and purchase price refunded for this broken keyboard. Please respond soon.,Refund
"To whom it may concern, I was charged twice for the same transaction, please refund the duplicate fee. Best regards.",Refund
"Hello, How can I cancel my gym membership without paying a cancellation fee? Thanks.",Cancellation
I am very unhappy with the substandard service provided by your company. Thank you so much.,Complaint
"Hi, I cannot log into my account, it keeps saying invalid credentials. Please assist.",Technical Support
"Good morning, The room was dirty, noisy, and had no hot water during our entire stay.",Complaint
Notice: please cancel my monthly premium plan and stop all future recurring billing. Best regards.,Cancellation
"Good morning, Your application is amazing, keep up the wonderful work! Looking forward to hearing back.",Feedback
Urgent: Could you tell me if this winter jacket comes in size extra large? Please assist.,Inquiry
"Hi, The screen turns completely blank and white after the recent update.",Technical Support
Notice: The webcam driver is not detected during video conferencing calls. Let me know asap.,Technical Support
"Hello, Your technician did a terrible job and damaged my home wiring. Please respond soon.",Complaint
Important: could you tell me if this winter jacket comes in size extra large? Thanks.,Inquiry
"In my opinion, I wanted to leave positive feedback for Sarah who helped me resolve my issue. Thanks.",Feedback
"Good afternoon, Do you offer international shipping to Canada and the United Kingdom? This is critical.",Inquiry
Important: my api authentication token is failing with 401 unauthorized error. Best regards.,Technical Support
Quick note: I want to cancel my subscription effective immediately. Let me know asap.,Cancellation
"Actually, I'm writing to complain about the poor quality of the item I received. Please respond soon.",Complaint
how long does it take for a bank account refund to process? Thank you so much.,Refund
"Dear team, I wanted to share some feedback regarding your recent software release. What do you suggest?",Feedback
"Please abort this order processing, I made a mistake and wish to cancel. Appreciate your help.",Cancellation
Urgent: Just wanted to say the support team was fantastic and super helpful! Appreciate your help.,Feedback
"In my opinion, i was charged twice for the same transaction, please refund the duplicate fee. Please assist.",Refund
"Good morning, Great job on the new features, they saved our team hours of work. Thank you so much.",Feedback
"Hey support team, the mobile app crashes with error 500 whenever i click export. This is critical.",Technical Support
"Dear team, I want to make a reservation for two guests at 7:30 PM tonight. Looking forward to hearing back.",Inquiry
Notice: I would like to request a 100% money-back refund under your return policy. Please respond soon.,Refund
"Actually, I wanted to leave positive feedback for Sarah who helped me resolve my issue. Please respond soon.",Feedback
"Hello, The product did not match the website description, I demand my money back. Please assist.",Refund
Notice: I want to track the live real-time location of my package in transit. Please assist.,Order Tracking
"Urgent: Great job on the new features, they saved our team hours of work.",Feedback
Quick note: do you offer international shipping to canada and the united kingdom? Thanks.,Inquiry
Quick note: This is the worst customer experience I have ever endured. Please respond soon.,Complaint
